transaction_hour,rekom_date,transaction_hour,venueName,team,transactionLocal_VAT_beforeDiscount_prediction
2022-05-20 11:00:00,2022-05-20,2022-05-20 11:00:00,Venue 26,TEAM 3,3218.9827
2022-05-20 12:00:00,2022-05-20,2022-05-20 12:00:00,Venue 32,TEAM 3,2824.208
2022-05-20 12:00:00,2022-05-20,2022-05-20 12:00:00,Venue 26,TEAM 3,4468.681
2022-05-20 13:00:00,2022-05-20,2022-05-20 13:00:00,Venue 32,TEAM 3,3975.8684
2022-05-20 13:00:00,2022-05-20,2022-05-20 13:00:00,Venue 26,TEAM 3,6176.3804
2022-05-20 14:00:00,2022-05-20,2022-05-20 14:00:00,Venue 26,TEAM 3,6656.2144
2022-05-20 14:00:00,2022-05-20,2022-05-20 14:00:00,Venue 32,TEAM 3,4234.344
2022-05-20 15:00:00,2022-05-20,2022-05-20 15:00:00,Venue 26,TEAM 3,6656.2144
2022-05-20 15:00:00,2022-05-20,2022-05-20 15:00:00,Venue 32,TEAM 3,4234.344
2022-05-20 16:00:00,2022-05-20,2022-05-20 16:00:00,Venue 32,TEAM 3,4113.9707
2022-05-20 16:00:00,2022-05-20,2022-05-20 16:00:00,Venue 26,TEAM 3,10231.85
2022-05-20 17:00:00,2022-05-20,2022-05-20 17:00:00,Venue 26,TEAM 3,15781.6045
2022-05-20 17:00:00,2022-05-20,2022-05-20 17:00:00,Venue 32,TEAM 3,6221.439
2022-05-20 18:00:00,2022-05-20,2022-05-20 18:00:00,Venue 32,TEAM 3,7510.6753
2022-05-20 18:00:00,2022-05-20,2022-05-20 18:00:00,Venue 35,TEAM 3,3184.3767
2022-05-20 18:00:00,2022-05-20,2022-05-20 18:00:00,Venue 26,TEAM 3,15851.217
2022-05-20 19:00:00,2022-05-20,2022-05-20 19:00:00,Venue 32,TEAM 3,7940.772
2022-05-20 19:00:00,2022-05-20,2022-05-20 19:00:00,Venue 26,TEAM 3,26555.537
2022-05-20 19:00:00,2022-05-20,2022-05-20 19:00:00,Venue 35,TEAM 3,3769.8108
2022-05-20 20:00:00,2022-05-20,2022-05-20 20:00:00,Venue 32,TEAM 3,8641.003
2022-05-20 20:00:00,2022-05-20,2022-05-20 20:00:00,Venue 26,TEAM 3,29937.201
2022-05-20 20:00:00,2022-05-20,2022-05-20 20:00:00,Venue 19,TEAM 3,1517.2504
2022-05-20 20:00:00,2022-05-20,2022-05-20 20:00:00,Venue 35,TEAM 3,5720.7134
2022-05-20 21:00:00,2022-05-20,2022-05-20 21:00:00,Venue 19,TEAM 3,6382.048
2022-05-20 21:00:00,2022-05-20,2022-05-20 21:00:00,Venue 35,TEAM 3,13462.231
2022-05-20 21:00:00,2022-05-20,2022-05-20 21:00:00,Venue 15,TEAM 3,7352.4224
2022-05-20 21:00:00,2022-05-20,2022-05-20 21:00:00,Venue 32,TEAM 3,14407.35
2022-05-20 21:00:00,2022-05-20,2022-05-20 21:00:00,Venue 26,TEAM 3,41441.297
2022-05-20 22:00:00,2022-05-20,2022-05-20 22:00:00,Venue 26,TEAM 3,68897.5
2022-05-20 22:00:00,2022-05-20,2022-05-20 22:00:00,Venue 15,TEAM 3,13720.972
2022-05-20 22:00:00,2022-05-20,2022-05-20 22:00:00,Venue 19,TEAM 3,12327.118
2022-05-20 22:00:00,2022-05-20,2022-05-20 22:00:00,Venue 32,TEAM 3,15038.183
2022-05-20 22:00:00,2022-05-20,2022-05-20 22:00:00,Venue 35,TEAM 3,41395.31
2022-05-20 23:00:00,2022-05-20,2022-05-20 23:00:00,Venue 26,TEAM 3,65194.777
2022-05-20 23:00:00,2022-05-20,2022-05-20 23:00:00,Venue 35,TEAM 3,45491.184
2022-05-20 23:00:00,2022-05-20,2022-05-20 23:00:00,Venue 32,TEAM 3,15345.664
2022-05-20 23:00:00,2022-05-20,2022-05-20 23:00:00,Venue 15,TEAM 3,29597.13
2022-05-20 23:00:00,2022-05-20,2022-05-20 23:00:00,Venue 19,TEAM 3,12306.988
2022-05-21 00:00:00,2022-05-21,2022-05-21 00:00:00,Venue 15,TEAM 3,55414.34
2022-05-21 00:00:00,2022-05-21,2022-05-21 00:00:00,Venue 35,TEAM 3,44359.0
2022-05-21 00:00:00,2022-05-21,2022-05-21 00:00:00,Venue 26,TEAM 3,69961.75
2022-05-21 00:00:00,2022-05-21,2022-05-21 00:00:00,Venue 19,TEAM 3,12604.933
2022-05-21 00:00:00,2022-05-21,2022-05-21 00:00:00,Venue 32,TEAM 3,9498.623
2022-05-21 01:00:00,2022-05-21,2022-05-21 01:00:00,Venue 32,TEAM 3,7946.528
2022-05-21 01:00:00,2022-05-21,2022-05-21 01:00:00,Venue 35,TEAM 3,40005.062
2022-05-21 01:00:00,2022-05-21,2022-05-21 01:00:00,Venue 26,TEAM 3,59497.78
2022-05-21 01:00:00,2022-05-21,2022-05-21 01:00:00,Venue 19,TEAM 3,13169.751
2022-05-21 01:00:00,2022-05-21,2022-05-21 01:00:00,Venue 15,TEAM 3,61780.645
2022-05-21 02:00:00,2022-05-21,2022-05-21 02:00:00,Venue 35,TEAM 3,34301.547
2022-05-21 02:00:00,2022-05-21,2022-05-21 02:00:00,Venue 32,TEAM 3,6898.8813
2022-05-21 02:00:00,2022-05-21,2022-05-21 02:00:00,Venue 15,TEAM 3,48935.39
2022-05-21 02:00:00,2022-05-21,2022-05-21 02:00:00,Venue 26,TEAM 3,53236.46
2022-05-21 02:00:00,2022-05-21,2022-05-21 02:00:00,Venue 19,TEAM 3,10578.192
2022-05-21 03:00:00,2022-05-21,2022-05-21 03:00:00,Venue 35,TEAM 3,20555.166
2022-05-21 03:00:00,2022-05-21,2022-05-21 03:00:00,Venue 15,TEAM 3,16240.021
2022-05-21 03:00:00,2022-05-21,2022-05-21 03:00:00,Venue 19,TEAM 3,8890.432
2022-05-21 03:00:00,2022-05-21,2022-05-21 03:00:00,Venue 32,TEAM 3,7000.297
2022-05-21 03:00:00,2022-05-21,2022-05-21 03:00:00,Venue 26,TEAM 3,36511.848
2022-05-21 04:00:00,2022-05-21,2022-05-21 04:00:00,Venue 35,TEAM 3,15492.492
2022-05-21 04:00:00,2022-05-21,2022-05-21 04:00:00,Venue 26,TEAM 3,32579.938
2022-05-21 04:00:00,2022-05-21,2022-05-21 04:00:00,Venue 15,TEAM 3,3464.0193
2022-05-21 04:00:00,2022-05-21,2022-05-21 04:00:00,Venue 19,TEAM 3,9135.29
2022-05-21 05:00:00,2022-05-21,2022-05-21 05:00:00,Venue 19,TEAM 3,9341.126
2022-05-21 05:00:00,2022-05-21,2022-05-21 05:00:00,Venue 15,TEAM 3,10198.542
2022-05-21 05:00:00,2022-05-21,2022-05-21 05:00:00,Venue 26,TEAM 3,33183.035
2022-05-21 06:00:00,2022-05-21,2022-05-21 06:00:00,Venue 19,TEAM 3,7687.444
2022-05-21 07:00:00,2022-05-21,2022-05-21 07:00:00,Venue 19,TEAM 3,3096.1606
2022-05-21 11:00:00,2022-05-21,2022-05-21 11:00:00,Venue 26,TEAM 3,5813.221
2022-05-21 11:00:00,2022-05-21,2022-05-21 11:00:00,Venue 32,TEAM 3,2048.8342
2022-05-21 12:00:00,2022-05-21,2022-05-21 12:00:00,Venue 32,TEAM 3,2482.2056
2022-05-21 12:00:00,2022-05-21,2022-05-21 12:00:00,Venue 26,TEAM 3,5796.7065
2022-05-21 13:00:00,2022-05-21,2022-05-21 13:00:00,Venue 32,TEAM 3,3440.879
2022-05-21 13:00:00,2022-05-21,2022-05-21 13:00:00,Venue 26,TEAM 3,8283.187
2022-05-21 14:00:00,2022-05-21,2022-05-21 14:00:00,Venue 32,TEAM 3,3368.7698
2022-05-21 14:00:00,2022-05-21,2022-05-21 14:00:00,Venue 26,TEAM 3,8017.9688
2022-05-21 15:00:00,2022-05-21,2022-05-21 15:00:00,Venue 32,TEAM 3,4095.4312
2022-05-21 15:00:00,2022-05-21,2022-05-21 15:00:00,Venue 26,TEAM 3,8802.107
2022-05-21 15:00:00,2022-05-21,2022-05-21 15:00:00,Venue 35,TEAM 3,5192.837
2022-05-21 16:00:00,2022-05-21,2022-05-21 16:00:00,Venue 26,TEAM 3,12869.433
2022-05-21 16:00:00,2022-05-21,2022-05-21 16:00:00,Venue 32,TEAM 3,3794.2356
2022-05-21 17:00:00,2022-05-21,2022-05-21 17:00:00,Venue 26,TEAM 3,17897.17
2022-05-21 17:00:00,2022-05-21,2022-05-21 17:00:00,Venue 32,TEAM 3,4966.839
2022-05-21 18:00:00,2022-05-21,2022-05-21 18:00:00,Venue 26,TEAM 3,19118.648
2022-05-21 18:00:00,2022-05-21,2022-05-21 18:00:00,Venue 15,TEAM 3,6701.8574
2022-05-21 18:00:00,2022-05-21,2022-05-21 18:00:00,Venue 35,TEAM 3,4385.2715
2022-05-21 18:00:00,2022-05-21,2022-05-21 18:00:00,Venue 32,TEAM 3,5406.322
2022-05-21 19:00:00,2022-05-21,2022-05-21 19:00:00,Venue 15,TEAM 3,13969.567
2022-05-21 19:00:00,2022-05-21,2022-05-21 19:00:00,Venue 26,TEAM 3,25056.352
2022-05-21 19:00:00,2022-05-21,2022-05-21 19:00:00,Venue 35,TEAM 3,4985.7246
2022-05-21 19:00:00,2022-05-21,2022-05-21 19:00:00,Venue 19,TEAM 3,1593.1427
2022-05-21 19:00:00,2022-05-21,2022-05-21 19:00:00,Venue 32,TEAM 3,6107.2754
2022-05-21 20:00:00,2022-05-21,2022-05-21 20:00:00,Venue 32,TEAM 3,6852.3716
2022-05-21 20:00:00,2022-05-21,2022-05-21 20:00:00,Venue 19,TEAM 3,2338.1904
2022-05-21 20:00:00,2022-05-21,2022-05-21 20:00:00,Venue 35,TEAM 3,5412.044
2022-05-21 20:00:00,2022-05-21,2022-05-21 20:00:00,Venue 26,TEAM 3,32487.104
2022-05-21 21:00:00,2022-05-21,2022-05-21 21:00:00,Venue 32,TEAM 3,7834.909
2022-05-21 21:00:00,2022-05-21,2022-05-21 21:00:00,Venue 15,TEAM 3,26260.814
2022-05-21 21:00:00,2022-05-21,2022-05-21 21:00:00,Venue 19,TEAM 3,6586.7817
2022-05-21 21:00:00,2022-05-21,2022-05-21 21:00:00,Venue 35,TEAM 3,17898.07
2022-05-21 21:00:00,2022-05-21,2022-05-21 21:00:00,Venue 26,TEAM 3,45297.43
2022-05-21 22:00:00,2022-05-21,2022-05-21 22:00:00,Venue 15,TEAM 3,17141.502
2022-05-21 22:00:00,2022-05-21,2022-05-21 22:00:00,Venue 26,TEAM 3,46332.26
2022-05-21 22:00:00,2022-05-21,2022-05-21 22:00:00,Venue 35,TEAM 3,26541.447
2022-05-21 22:00:00,2022-05-21,2022-05-21 22:00:00,Venue 32,TEAM 3,6674.4478
2022-05-21 22:00:00,2022-05-21,2022-05-21 22:00:00,Venue 19,TEAM 3,8597.06
2022-05-21 23:00:00,2022-05-21,2022-05-21 23:00:00,Venue 26,TEAM 3,51201.8
2022-05-21 23:00:00,2022-05-21,2022-05-21 23:00:00,Venue 35,TEAM 3,31227.71
2022-05-21 23:00:00,2022-05-21,2022-05-21 23:00:00,Venue 32,TEAM 3,8258.667
2022-05-21 23:00:00,2022-05-21,2022-05-21 23:00:00,Venue 19,TEAM 3,11185.747
2022-05-21 23:00:00,2022-05-21,2022-05-21 23:00:00,Venue 15,TEAM 3,33022.996
2022-05-22 00:00:00,2022-05-22,2022-05-22 00:00:00,Venue 26,TEAM 3,52107.23
2022-05-22 00:00:00,2022-05-22,2022-05-22 00:00:00,Venue 32,TEAM 3,6302.4155
2022-05-22 00:00:00,2022-05-22,2022-05-22 00:00:00,Venue 35,TEAM 3,32077.63
2022-05-22 00:00:00,2022-05-22,2022-05-22 00:00:00,Venue 19,TEAM 3,11421.292
2022-05-22 00:00:00,2022-05-22,2022-05-22 00:00:00,Venue 15,TEAM 3,49026.125
2022-05-22 01:00:00,2022-05-22,2022-05-22 01:00:00,Venue 35,TEAM 3,26343.084
2022-05-22 01:00:00,2022-05-22,2022-05-22 01:00:00,Venue 32,TEAM 3,4841.518
2022-05-22 01:00:00,2022-05-22,2022-05-22 01:00:00,Venue 26,TEAM 3,42095.33
2022-05-22 01:00:00,2022-05-22,2022-05-22 01:00:00,Venue 19,TEAM 3,11309.867
2022-05-22 01:00:00,2022-05-22,2022-05-22 01:00:00,Venue 15,TEAM 3,53417.27
2022-05-22 02:00:00,2022-05-22,2022-05-22 02:00:00,Venue 32,TEAM 3,4438.8994
2022-05-22 02:00:00,2022-05-22,2022-05-22 02:00:00,Venue 35,TEAM 3,18871.578
2022-05-22 02:00:00,2022-05-22,2022-05-22 02:00:00,Venue 19,TEAM 3,9568.357
2022-05-22 02:00:00,2022-05-22,2022-05-22 02:00:00,Venue 26,TEAM 3,31092.855
2022-05-22 02:00:00,2022-05-22,2022-05-22 02:00:00,Venue 15,TEAM 3,46777.605
2022-05-22 03:00:00,2022-05-22,2022-05-22 03:00:00,Venue 19,TEAM 3,8647.718
2022-05-22 03:00:00,2022-05-22,2022-05-22 03:00:00,Venue 15,TEAM 3,25580.86
2022-05-22 03:00:00,2022-05-22,2022-05-22 03:00:00,Venue 32,TEAM 3,4093.0737
2022-05-22 03:00:00,2022-05-22,2022-05-22 03:00:00,Venue 26,TEAM 3,19505.082
2022-05-22 03:00:00,2022-05-22,2022-05-22 03:00:00,Venue 35,TEAM 3,6038.4272
2022-05-22 04:00:00,2022-05-22,2022-05-22 04:00:00,Venue 26,TEAM 3,15545.463
2022-05-22 04:00:00,2022-05-22,2022-05-22 04:00:00,Venue 19,TEAM 3,10230.103
2022-05-22 04:00:00,2022-05-22,2022-05-22 04:00:00,Venue 35,TEAM 3,2366.0886
2022-05-22 04:00:00,2022-05-22,2022-05-22 04:00:00,Venue 15,TEAM 3,12513.228
2022-05-22 05:00:00,2022-05-22,2022-05-22 05:00:00,Venue 19,TEAM 3,10257.817
2022-05-22 05:00:00,2022-05-22,2022-05-22 05:00:00,Venue 15,TEAM 3,12540.94
2022-05-22 05:00:00,2022-05-22,2022-05-22 05:00:00,Venue 26,TEAM 3,16160.775
2022-05-22 06:00:00,2022-05-22,2022-05-22 06:00:00,Venue 19,TEAM 3,9198.175
2022-05-22 07:00:00,2022-05-22,2022-05-22 07:00:00,Venue 19,TEAM 3,3603.1262
2022-05-22 11:00:00,2022-05-22,2022-05-22 11:00:00,Venue 26,TEAM 3,3177.7815
2022-05-22 12:00:00,2022-05-22,2022-05-22 12:00:00,Venue 26,TEAM 3,3848.8032
2022-05-22 12:00:00,2022-05-22,2022-05-22 12:00:00,Venue 32,TEAM 3,1727.3677
2022-05-22 13:00:00,2022-05-22,2022-05-22 13:00:00,Venue 26,TEAM 3,4555.605
2022-05-22 13:00:00,2022-05-22,2022-05-22 13:00:00,Venue 32,TEAM 3,1443.552
2022-05-22 14:00:00,2022-05-22,2022-05-22 14:00:00,Venue 26,TEAM 3,4335.1826
2022-05-22 14:00:00,2022-05-22,2022-05-22 14:00:00,Venue 32,TEAM 3,1516.7504
2022-05-22 15:00:00,2022-05-22,2022-05-22 15:00:00,Venue 32,TEAM 3,1609.5876
2022-05-22 15:00:00,2022-05-22,2022-05-22 15:00:00,Venue 35,TEAM 3,1304.4283
2022-05-22 15:00:00,2022-05-22,2022-05-22 15:00:00,Venue 26,TEAM 3,4502.116
2022-05-22 16:00:00,2022-05-22,2022-05-22 16:00:00,Venue 26,TEAM 3,6323.4707
2022-05-22 16:00:00,2022-05-22,2022-05-22 16:00:00,Venue 32,TEAM 3,1552.5955
2022-05-22 17:00:00,2022-05-22,2022-05-22 17:00:00,Venue 26,TEAM 3,9297.615
2022-05-22 17:00:00,2022-05-22,2022-05-22 17:00:00,Venue 32,TEAM 3,2914.1592
2022-05-22 18:00:00,2022-05-22,2022-05-22 18:00:00,Venue 26,TEAM 3,8452.327
2022-05-22 18:00:00,2022-05-22,2022-05-22 18:00:00,Venue 32,TEAM 3,2342.394
2022-05-22 19:00:00,2022-05-22,2022-05-22 19:00:00,Venue 35,TEAM 3,1475.8967
2022-05-22 19:00:00,2022-05-22,2022-05-22 19:00:00,Venue 32,TEAM 3,3095.1772
2022-05-22 19:00:00,2022-05-22,2022-05-22 19:00:00,Venue 26,TEAM 3,14192.5205
2022-05-22 20:00:00,2022-05-22,2022-05-22 20:00:00,Venue 19,TEAM 3,1953.6532
2022-05-22 20:00:00,2022-05-22,2022-05-22 20:00:00,Venue 35,TEAM 3,2015.7566
2022-05-22 20:00:00,2022-05-22,2022-05-22 20:00:00,Venue 26,TEAM 3,17227.361
2022-05-22 20:00:00,2022-05-22,2022-05-22 20:00:00,Venue 32,TEAM 3,3521.9705
2022-05-22 21:00:00,2022-05-22,2022-05-22 21:00:00,Venue 32,TEAM 3,4331.769
2022-05-22 21:00:00,2022-05-22,2022-05-22 21:00:00,Venue 26,TEAM 3,19152.219
2022-05-22 21:00:00,2022-05-22,2022-05-22 21:00:00,Venue 35,TEAM 3,4006.407
2022-05-22 21:00:00,2022-05-22,2022-05-22 21:00:00,Venue 19,TEAM 3,3636.5364
2022-05-22 22:00:00,2022-05-22,2022-05-22 22:00:00,Venue 32,TEAM 3,2591.1907
2022-05-22 22:00:00,2022-05-22,2022-05-22 22:00:00,Venue 19,TEAM 3,2596.0405
2022-05-22 22:00:00,2022-05-22,2022-05-22 22:00:00,Venue 35,TEAM 3,4777.436
2022-05-22 22:00:00,2022-05-22,2022-05-22 22:00:00,Venue 26,TEAM 3,19762.74
2022-05-22 23:00:00,2022-05-22,2022-05-22 23:00:00,Venue 35,TEAM 3,2858.3706
2022-05-22 23:00:00,2022-05-22,2022-05-22 23:00:00,Venue 26,TEAM 3,15900.957
2022-05-22 23:00:00,2022-05-22,2022-05-22 23:00:00,Venue 19,TEAM 3,2974.089
2022-05-23 00:00:00,2022-05-23,2022-05-23 00:00:00,Venue 35,TEAM 3,3783.4563
2022-05-23 00:00:00,2022-05-23,2022-05-23 00:00:00,Venue 19,TEAM 3,5655.0923
2022-05-23 00:00:00,2022-05-23,2022-05-23 00:00:00,Venue 26,TEAM 3,20012.195
2022-05-23 01:00:00,2022-05-23,2022-05-23 01:00:00,Venue 19,TEAM 3,5704.7954
2022-05-23 01:00:00,2022-05-23,2022-05-23 01:00:00,Venue 26,TEAM 3,11643.409
2022-05-23 02:00:00,2022-05-23,2022-05-23 02:00:00,Venue 19,TEAM 3,5628.953
2022-05-23 02:00:00,2022-05-23,2022-05-23 02:00:00,Venue 26,TEAM 3,8249.064
2022-05-23 03:00:00,2022-05-23,2022-05-23 03:00:00,Venue 26,TEAM 3,8073.869
2022-05-23 03:00:00,2022-05-23,2022-05-23 03:00:00,Venue 19,TEAM 3,4791.2017
2022-05-23 04:00:00,2022-05-23,2022-05-23 04:00:00,Venue 19,TEAM 3,4314.8086
2022-05-23 04:00:00,2022-05-23,2022-05-23 04:00:00,Venue 35,TEAM 3,-3318.305
2022-05-23 11:00:00,2022-05-23,2022-05-23 11:00:00,Venue 26,TEAM 3,979.50885
2022-05-23 11:00:00,2022-05-23,2022-05-23 11:00:00,Venue 32,TEAM 3,440.63303
2022-05-23 12:00:00,2022-05-23,2022-05-23 12:00:00,Venue 32,TEAM 3,440.63303
2022-05-23 12:00:00,2022-05-23,2022-05-23 12:00:00,Venue 26,TEAM 3,979.50885
2022-05-23 13:00:00,2022-05-23,2022-05-23 13:00:00,Venue 26,TEAM 3,2111.7124
2022-05-23 13:00:00,2022-05-23,2022-05-23 13:00:00,Venue 35,TEAM 3,35.079132
2022-05-23 13:00:00,2022-05-23,2022-05-23 13:00:00,Venue 32,TEAM 3,2652.869
2022-05-23 14:00:00,2022-05-23,2022-05-23 14:00:00,Venue 32,TEAM 3,1798.8114
2022-05-23 14:00:00,2022-05-23,2022-05-23 14:00:00,Venue 19,TEAM 3,353.89294
2022-05-23 14:00:00,2022-05-23,2022-05-23 14:00:00,Venue 26,TEAM 3,2700.6147
2022-05-23 15:00:00,2022-05-23,2022-05-23 15:00:00,Venue 26,TEAM 3,2823.2993
2022-05-23 15:00:00,2022-05-23,2022-05-23 15:00:00,Venue 32,TEAM 3,2283.744
2022-05-23 16:00:00,2022-05-23,2022-05-23 16:00:00,Venue 32,TEAM 3,2911.345
2022-05-23 16:00:00,2022-05-23,2022-05-23 16:00:00,Venue 26,TEAM 3,4469.893
2022-05-23 17:00:00,2022-05-23,2022-05-23 17:00:00,Venue 32,TEAM 3,2870.5425
2022-05-23 17:00:00,2022-05-23,2022-05-23 17:00:00,Venue 26,TEAM 3,5195.288
2022-05-23 18:00:00,2022-05-23,2022-05-23 18:00:00,Venue 26,TEAM 3,3748.0034
2022-05-23 18:00:00,2022-05-23,2022-05-23 18:00:00,Venue 19,TEAM 3,-174.90826
2022-05-23 18:00:00,2022-05-23,2022-05-23 18:00:00,Venue 35,TEAM 3,-957.5098
2022-05-23 18:00:00,2022-05-23,2022-05-23 18:00:00,Venue 32,TEAM 3,3967.3557
2022-05-23 19:00:00,2022-05-23,2022-05-23 19:00:00,Venue 35,TEAM 3,4.3846445
2022-05-23 19:00:00,2022-05-23,2022-05-23 19:00:00,Venue 32,TEAM 3,4497.406
2022-05-23 19:00:00,2022-05-23,2022-05-23 19:00:00,Venue 26,TEAM 3,9896.358
2022-05-23 20:00:00,2022-05-23,2022-05-23 20:00:00,Venue 35,TEAM 3,22.231739
2022-05-23 20:00:00,2022-05-23,2022-05-23 20:00:00,Venue 19,TEAM 3,227.18822
2022-05-23 20:00:00,2022-05-23,2022-05-23 20:00:00,Venue 32,TEAM 3,5253.756
2022-05-23 20:00:00,2022-05-23,2022-05-23 20:00:00,Venue 26,TEAM 3,12480.852
2022-05-23 21:00:00,2022-05-23,2022-05-23 21:00:00,Venue 19,TEAM 3,2681.8474
2022-05-23 21:00:00,2022-05-23,2022-05-23 21:00:00,Venue 32,TEAM 3,7282.0747
2022-05-23 21:00:00,2022-05-23,2022-05-23 21:00:00,Venue 35,TEAM 3,15465.525
2022-05-23 21:00:00,2022-05-23,2022-05-23 21:00:00,Venue 26,TEAM 3,28684.81
2022-05-23 22:00:00,2022-05-23,2022-05-23 22:00:00,Venue 26,TEAM 3,16825.615
2022-05-23 22:00:00,2022-05-23,2022-05-23 22:00:00,Venue 19,TEAM 3,2725.7773
2022-05-23 22:00:00,2022-05-23,2022-05-23 22:00:00,Venue 32,TEAM 3,6698.8745
2022-05-23 22:00:00,2022-05-23,2022-05-23 22:00:00,Venue 35,TEAM 3,18632.027
2022-05-23 23:00:00,2022-05-23,2022-05-23 23:00:00,Venue 19,TEAM 3,4423.9453
2022-05-23 23:00:00,2022-05-23,2022-05-23 23:00:00,Venue 26,TEAM 3,17125.875
2022-05-23 23:00:00,2022-05-23,2022-05-23 23:00:00,Venue 32,TEAM 3,4801.299
2022-05-23 23:00:00,2022-05-23,2022-05-23 23:00:00,Venue 35,TEAM 3,17784.889
2022-05-24 00:00:00,2022-05-24,2022-05-24 00:00:00,Venue 26,TEAM 3,26767.355
2022-05-24 00:00:00,2022-05-24,2022-05-24 00:00:00,Venue 19,TEAM 3,5572.929
2022-05-24 00:00:00,2022-05-24,2022-05-24 00:00:00,Venue 35,TEAM 3,15374.832
2022-05-24 01:00:00,2022-05-24,2022-05-24 01:00:00,Venue 35,TEAM 3,13704.02
2022-05-24 01:00:00,2022-05-24,2022-05-24 01:00:00,Venue 26,TEAM 3,21264.602
2022-05-24 01:00:00,2022-05-24,2022-05-24 01:00:00,Venue 19,TEAM 3,5583.425
2022-05-24 02:00:00,2022-05-24,2022-05-24 02:00:00,Venue 26,TEAM 3,21841.871
2022-05-24 02:00:00,2022-05-24,2022-05-24 02:00:00,Venue 19,TEAM 3,5390.328
2022-05-24 03:00:00,2022-05-24,2022-05-24 03:00:00,Venue 19,TEAM 3,4664.4004
2022-05-24 04:00:00,2022-05-24,2022-05-24 04:00:00,Venue 19,TEAM 3,3593.8335
2022-05-24 05:00:00,2022-05-24,2022-05-24 05:00:00,Venue 19,TEAM 3,3655.7527
2022-05-24 10:00:00,2022-05-24,2022-05-24 10:00:00,Venue 26,TEAM 3,12946.842
2022-05-24 11:00:00,2022-05-24,2022-05-24 11:00:00,Venue 35,TEAM 3,-5080.5747
2022-05-24 11:00:00,2022-05-24,2022-05-24 11:00:00,Venue 32,TEAM 3,3173.9868
2022-05-24 11:00:00,2022-05-24,2022-05-24 11:00:00,Venue 26,TEAM 3,-4014.584
2022-05-24 12:00:00,2022-05-24,2022-05-24 12:00:00,Venue 32,TEAM 3,3686.5916
2022-05-24 12:00:00,2022-05-24,2022-05-24 12:00:00,Venue 26,TEAM 3,-3376.5713
2022-05-24 13:00:00,2022-05-24,2022-05-24 13:00:00,Venue 26,TEAM 3,1721.3749
2022-05-24 13:00:00,2022-05-24,2022-05-24 13:00:00,Venue 32,TEAM 3,1565.6085
2022-05-24 13:00:00,2022-05-24,2022-05-24 13:00:00,Venue 15,TEAM 3,-7802.9478
2022-05-24 14:00:00,2022-05-24,2022-05-24 14:00:00,Venue 32,TEAM 3,1750.8578
2022-05-24 14:00:00,2022-05-24,2022-05-24 14:00:00,Venue 26,TEAM 3,1874.3752
2022-05-24 15:00:00,2022-05-24,2022-05-24 15:00:00,Venue 32,TEAM 3,2287.5193
2022-05-24 15:00:00,2022-05-24,2022-05-24 15:00:00,Venue 26,TEAM 3,2048.789
2022-05-24 15:00:00,2022-05-24,2022-05-24 15:00:00,Venue 35,TEAM 3,1671.6823
2022-05-24 16:00:00,2022-05-24,2022-05-24 16:00:00,Venue 26,TEAM 3,3956.2854
2022-05-24 16:00:00,2022-05-24,2022-05-24 16:00:00,Venue 32,TEAM 3,2316.67
2022-05-24 17:00:00,2022-05-24,2022-05-24 17:00:00,Venue 26,TEAM 3,6866.2476
2022-05-24 17:00:00,2022-05-24,2022-05-24 17:00:00,Venue 32,TEAM 3,3244.073
2022-05-24 18:00:00,2022-05-24,2022-05-24 18:00:00,Venue 35,TEAM 3,-672.5406
2022-05-24 18:00:00,2022-05-24,2022-05-24 18:00:00,Venue 26,TEAM 3,8318.726
2022-05-24 18:00:00,2022-05-24,2022-05-24 18:00:00,Venue 19,TEAM 3,324.1184
2022-05-24 18:00:00,2022-05-24,2022-05-24 18:00:00,Venue 32,TEAM 3,2913.534
2022-05-24 19:00:00,2022-05-24,2022-05-24 19:00:00,Venue 26,TEAM 3,14697.302
2022-05-24 19:00:00,2022-05-24,2022-05-24 19:00:00,Venue 19,TEAM 3,500.81537
2022-05-24 19:00:00,2022-05-24,2022-05-24 19:00:00,Venue 35,TEAM 3,368.7898
2022-05-24 19:00:00,2022-05-24,2022-05-24 19:00:00,Venue 32,TEAM 3,3635.639
2022-05-24 20:00:00,2022-05-24,2022-05-24 20:00:00,Venue 35,TEAM 3,907.7875
2022-05-24 20:00:00,2022-05-24,2022-05-24 20:00:00,Venue 26,TEAM 3,17802.947
2022-05-24 20:00:00,2022-05-24,2022-05-24 20:00:00,Venue 32,TEAM 3,4493.414
2022-05-24 21:00:00,2022-05-24,2022-05-24 21:00:00,Venue 26,TEAM 3,23439.39
2022-05-24 21:00:00,2022-05-24,2022-05-24 21:00:00,Venue 19,TEAM 3,2753.164
2022-05-24 21:00:00,2022-05-24,2022-05-24 21:00:00,Venue 35,TEAM 3,1382.4318
2022-05-24 21:00:00,2022-05-24,2022-05-24 21:00:00,Venue 32,TEAM 3,4897.499
2022-05-24 22:00:00,2022-05-24,2022-05-24 22:00:00,Venue 26,TEAM 3,11450.12
2022-05-24 22:00:00,2022-05-24,2022-05-24 22:00:00,Venue 32,TEAM 3,2772.652
2022-05-24 22:00:00,2022-05-24,2022-05-24 22:00:00,Venue 19,TEAM 3,3303.7542
2022-05-24 22:00:00,2022-05-24,2022-05-24 22:00:00,Venue 35,TEAM 3,5151.384
2022-05-24 23:00:00,2022-05-24,2022-05-24 23:00:00,Venue 35,TEAM 3,7189.338
2022-05-24 23:00:00,2022-05-24,2022-05-24 23:00:00,Venue 26,TEAM 3,17957.514
2022-05-24 23:00:00,2022-05-24,2022-05-24 23:00:00,Venue 32,TEAM 3,1537.1301
2022-05-24 23:00:00,2022-05-24,2022-05-24 23:00:00,Venue 19,TEAM 3,5406.2705
2022-05-25 00:00:00,2022-05-25,2022-05-25 00:00:00,Venue 26,TEAM 3,26383.06
2022-05-25 00:00:00,2022-05-25,2022-05-25 00:00:00,Venue 35,TEAM 3,5085.852
2022-05-25 00:00:00,2022-05-25,2022-05-25 00:00:00,Venue 19,TEAM 3,6703.2573
2022-05-25 01:00:00,2022-05-25,2022-05-25 01:00:00,Venue 19,TEAM 3,10565.727
2022-05-25 01:00:00,2022-05-25,2022-05-25 01:00:00,Venue 26,TEAM 3,23764.195
2022-05-25 02:00:00,2022-05-25,2022-05-25 02:00:00,Venue 19,TEAM 3,10396.552
2022-05-25 02:00:00,2022-05-25,2022-05-25 02:00:00,Venue 26,TEAM 3,16414.336
2022-05-25 03:00:00,2022-05-25,2022-05-25 03:00:00,Venue 19,TEAM 3,6209.6167
2022-05-25 04:00:00,2022-05-25,2022-05-25 04:00:00,Venue 19,TEAM 3,5068.1953
2022-05-25 08:00:00,2022-05-25,2022-05-25 08:00:00,Venue 35,TEAM 3,-1745.6489
2022-05-25 11:00:00,2022-05-25,2022-05-25 11:00:00,Venue 15,TEAM 3,-12146.723
2022-05-25 11:00:00,2022-05-25,2022-05-25 11:00:00,Venue 32,TEAM 3,3660.0999
2022-05-25 11:00:00,2022-05-25,2022-05-25 11:00:00,Venue 26,TEAM 3,-1204.3269
2022-05-25 12:00:00,2022-05-25,2022-05-25 12:00:00,Venue 26,TEAM 3,-566.3143
2022-05-25 12:00:00,2022-05-25,2022-05-25 12:00:00,Venue 32,TEAM 3,4159.515
2022-05-25 12:00:00,2022-05-25,2022-05-25 12:00:00,Venue 15,TEAM 3,-13798.162
2022-05-25 13:00:00,2022-05-25,2022-05-25 13:00:00,Venue 15,TEAM 3,-12960.056
2022-05-25 13:00:00,2022-05-25,2022-05-25 13:00:00,Venue 26,TEAM 3,674.9578
2022-05-25 13:00:00,2022-05-25,2022-05-25 13:00:00,Venue 32,TEAM 3,5259.217
2022-05-25 14:00:00,2022-05-25,2022-05-25 14:00:00,Venue 26,TEAM 3,2516.076
2022-05-25 14:00:00,2022-05-25,2022-05-25 14:00:00,Venue 32,TEAM 3,7410.5684
2022-05-25 14:00:00,2022-05-25,2022-05-25 14:00:00,Venue 15,TEAM 3,-16529.793
2022-05-25 14:00:00,2022-05-25,2022-05-25 14:00:00,Venue 35,TEAM 3,1228.7395
2022-05-25 15:00:00,2022-05-25,2022-05-25 15:00:00,Venue 26,TEAM 3,1754.5604
2022-05-25 15:00:00,2022-05-25,2022-05-25 15:00:00,Venue 32,TEAM 3,5517.6934
2022-05-25 15:00:00,2022-05-25,2022-05-25 15:00:00,Venue 35,TEAM 3,-132.54428
2022-05-25 15:00:00,2022-05-25,2022-05-25 15:00:00,Venue 15,TEAM 3,-14395.92
2022-05-25 16:00:00,2022-05-25,2022-05-25 16:00:00,Venue 32,TEAM 3,5517.6934
2022-05-25 16:00:00,2022-05-25,2022-05-25 16:00:00,Venue 26,TEAM 3,3632.9075
2022-05-25 17:00:00,2022-05-25,2022-05-25 17:00:00,Venue 26,TEAM 3,9597.089
2022-05-25 17:00:00,2022-05-25,2022-05-25 17:00:00,Venue 15,TEAM 3,-14185.003
2022-05-25 17:00:00,2022-05-25,2022-05-25 17:00:00,Venue 32,TEAM 3,7601.0293
2022-05-25 18:00:00,2022-05-25,2022-05-25 18:00:00,Venue 19,TEAM 3,783.61566
2022-05-25 18:00:00,2022-05-25,2022-05-25 18:00:00,Venue 26,TEAM 3,11913.554
2022-05-25 18:00:00,2022-05-25,2022-05-25 18:00:00,Venue 32,TEAM 3,3428.3752
2022-05-25 18:00:00,2022-05-25,2022-05-25 18:00:00,Venue 35,TEAM 3,793.0566
2022-05-25 19:00:00,2022-05-25,2022-05-25 19:00:00,Venue 26,TEAM 3,18214.023
2022-05-25 19:00:00,2022-05-25,2022-05-25 19:00:00,Venue 32,TEAM 3,4188.8447
2022-05-25 19:00:00,2022-05-25,2022-05-25 19:00:00,Venue 35,TEAM 3,2108.8408
2022-05-25 19:00:00,2022-05-25,2022-05-25 19:00:00,Venue 19,TEAM 3,821.6516
2022-05-25 20:00:00,2022-05-25,2022-05-25 20:00:00,Venue 32,TEAM 3,5000.6416
2022-05-25 20:00:00,2022-05-25,2022-05-25 20:00:00,Venue 35,TEAM 3,2203.8843
2022-05-25 20:00:00,2022-05-25,2022-05-25 20:00:00,Venue 19,TEAM 3,1633.401
2022-05-25 20:00:00,2022-05-25,2022-05-25 20:00:00,Venue 26,TEAM 3,20875.717
2022-05-25 20:00:00,2022-05-25,2022-05-25 20:00:00,Venue 15,TEAM 3,13119.142
2022-05-25 21:00:00,2022-05-25,2022-05-25 21:00:00,Venue 26,TEAM 3,28867.43
2022-05-25 21:00:00,2022-05-25,2022-05-25 21:00:00,Venue 15,TEAM 3,10880.716
2022-05-25 21:00:00,2022-05-25,2022-05-25 21:00:00,Venue 35,TEAM 3,3302.0776
2022-05-25 21:00:00,2022-05-25,2022-05-25 21:00:00,Venue 19,TEAM 3,2673.7522
2022-05-25 21:00:00,2022-05-25,2022-05-25 21:00:00,Venue 32,TEAM 3,4612.894
2022-05-25 22:00:00,2022-05-25,2022-05-25 22:00:00,Venue 19,TEAM 3,2795.9788
2022-05-25 22:00:00,2022-05-25,2022-05-25 22:00:00,Venue 35,TEAM 3,6624.93
2022-05-25 22:00:00,2022-05-25,2022-05-25 22:00:00,Venue 15,TEAM 3,14362.678
2022-05-25 22:00:00,2022-05-25,2022-05-25 22:00:00,Venue 26,TEAM 3,14429.663
2022-05-25 22:00:00,2022-05-25,2022-05-25 22:00:00,Venue 32,TEAM 3,3812.2375
2022-05-25 23:00:00,2022-05-25,2022-05-25 23:00:00,Venue 15,TEAM 3,19407.635
2022-05-25 23:00:00,2022-05-25,2022-05-25 23:00:00,Venue 19,TEAM 3,4069.7756
2022-05-25 23:00:00,2022-05-25,2022-05-25 23:00:00,Venue 35,TEAM 3,8422.463
2022-05-25 23:00:00,2022-05-25,2022-05-25 23:00:00,Venue 32,TEAM 3,3540.374
2022-05-25 23:00:00,2022-05-25,2022-05-25 23:00:00,Venue 26,TEAM 3,11162.397
2022-05-26 00:00:00,2022-05-26,2022-05-26 00:00:00,Venue 26,TEAM 3,19567.21
2022-05-26 00:00:00,2022-05-26,2022-05-26 00:00:00,Venue 19,TEAM 3,7403.6055
2022-05-26 00:00:00,2022-05-26,2022-05-26 00:00:00,Venue 32,TEAM 3,1005.19556
2022-05-26 00:00:00,2022-05-26,2022-05-26 00:00:00,Venue 15,TEAM 3,21007.268
2022-05-26 00:00:00,2022-05-26,2022-05-26 00:00:00,Venue 35,TEAM 3,6185.525
2022-05-26 01:00:00,2022-05-26,2022-05-26 01:00:00,Venue 19,TEAM 3,7439.992
2022-05-26 01:00:00,2022-05-26,2022-05-26 01:00:00,Venue 15,TEAM 3,25995.41
2022-05-26 01:00:00,2022-05-26,2022-05-26 01:00:00,Venue 35,TEAM 3,3017.1995
2022-05-26 01:00:00,2022-05-26,2022-05-26 01:00:00,Venue 32,TEAM 3,-831.3017
2022-05-26 01:00:00,2022-05-26,2022-05-26 01:00:00,Venue 26,TEAM 3,13850.864
2022-05-26 02:00:00,2022-05-26,2022-05-26 02:00:00,Venue 26,TEAM 3,12026.347
2022-05-26 02:00:00,2022-05-26,2022-05-26 02:00:00,Venue 15,TEAM 3,36219.543
2022-05-26 02:00:00,2022-05-26,2022-05-26 02:00:00,Venue 35,TEAM 3,2227.222
2022-05-26 02:00:00,2022-05-26,2022-05-26 02:00:00,Venue 19,TEAM 3,7466.5137
2022-05-26 03:00:00,2022-05-26,2022-05-26 03:00:00,Venue 35,TEAM 3,1438.5511
2022-05-26 03:00:00,2022-05-26,2022-05-26 03:00:00,Venue 19,TEAM 3,6523.481
2022-05-26 03:00:00,2022-05-26,2022-05-26 03:00:00,Venue 15,TEAM 3,21900.455
2022-05-26 03:00:00,2022-05-26,2022-05-26 03:00:00,Venue 26,TEAM 3,11667.374
2022-05-26 04:00:00,2022-05-26,2022-05-26 04:00:00,Venue 15,TEAM 3,11086.043
2022-05-26 04:00:00,2022-05-26,2022-05-26 04:00:00,Venue 26,TEAM 3,9292.074
2022-05-26 04:00:00,2022-05-26,2022-05-26 04:00:00,Venue 19,TEAM 3,5341.577
2022-05-26 05:00:00,2022-05-26,2022-05-26 05:00:00,Venue 19,TEAM 3,5515.7207
2022-05-26 05:00:00,2022-05-26,2022-05-26 05:00:00,Venue 26,TEAM 3,13495.959
2022-05-26 05:00:00,2022-05-26,2022-05-26 05:00:00,Venue 15,TEAM 3,16522.594
2022-05-26 06:00:00,2022-05-26,2022-05-26 06:00:00,Venue 26,TEAM 3,6279.8613
2022-05-26 06:00:00,2022-05-26,2022-05-26 06:00:00,Venue 19,TEAM 3,5608.0854
2022-05-26 06:00:00,2022-05-26,2022-05-26 06:00:00,Venue 15,TEAM 3,7816.4424
2022-05-26 11:00:00,2022-05-26,2022-05-26 11:00:00,Venue 26,TEAM 3,4351.0786
2022-05-26 11:00:00,2022-05-26,2022-05-26 11:00:00,Venue 32,TEAM 3,1082.4203
2022-05-26 12:00:00,2022-05-26,2022-05-26 12:00:00,Venue 32,TEAM 3,1543.0565
2022-05-26 12:00:00,2022-05-26,2022-05-26 12:00:00,Venue 26,TEAM 3,4937.1235
2022-05-26 13:00:00,2022-05-26,2022-05-26 13:00:00,Venue 32,TEAM 3,2417.5515
2022-05-26 13:00:00,2022-05-26,2022-05-26 13:00:00,Venue 26,TEAM 3,5953.19
2022-05-26 14:00:00,2022-05-26,2022-05-26 14:00:00,Venue 32,TEAM 3,6129.32
2022-05-26 14:00:00,2022-05-26,2022-05-26 14:00:00,Venue 26,TEAM 3,3291.9272
2022-05-26 15:00:00,2022-05-26,2022-05-26 15:00:00,Venue 26,TEAM 3,8621.879
2022-05-26 15:00:00,2022-05-26,2022-05-26 15:00:00,Venue 32,TEAM 3,3139.1038
2022-05-26 16:00:00,2022-05-26,2022-05-26 16:00:00,Venue 32,TEAM 3,2626.9617
2022-05-26 16:00:00,2022-05-26,2022-05-26 16:00:00,Venue 26,TEAM 3,11687.538
2022-05-26 17:00:00,2022-05-26,2022-05-26 17:00:00,Venue 32,TEAM 3,3555.3616
2022-05-26 17:00:00,2022-05-26,2022-05-26 17:00:00,Venue 35,TEAM 3,6505.389
2022-05-26 17:00:00,2022-05-26,2022-05-26 17:00:00,Venue 26,TEAM 3,20491.97
2022-05-26 18:00:00,2022-05-26,2022-05-26 18:00:00,Venue 32,TEAM 3,3887.6802
2022-05-26 18:00:00,2022-05-26,2022-05-26 18:00:00,Venue 35,TEAM 3,6393.0483
2022-05-26 18:00:00,2022-05-26,2022-05-26 18:00:00,Venue 26,TEAM 3,21505.787
2022-05-26 19:00:00,2022-05-26,2022-05-26 19:00:00,Venue 26,TEAM 3,27458.46
2022-05-26 19:00:00,2022-05-26,2022-05-26 19:00:00,Venue 35,TEAM 3,7008.4766
2022-05-26 19:00:00,2022-05-26,2022-05-26 19:00:00,Venue 19,TEAM 3,946.30865
2022-05-26 19:00:00,2022-05-26,2022-05-26 19:00:00,Venue 32,TEAM 3,4503.1113
2022-05-26 20:00:00,2022-05-26,2022-05-26 20:00:00,Venue 26,TEAM 3,31213.31
2022-05-26 20:00:00,2022-05-26,2022-05-26 20:00:00,Venue 35,TEAM 3,8196.677
2022-05-26 20:00:00,2022-05-26,2022-05-26 20:00:00,Venue 19,TEAM 3,1799.3455
2022-05-26 20:00:00,2022-05-26,2022-05-26 20:00:00,Venue 32,TEAM 3,5356.198
2022-05-26 21:00:00,2022-05-26,2022-05-26 21:00:00,Venue 32,TEAM 3,5456.069
2022-05-26 21:00:00,2022-05-26,2022-05-26 21:00:00,Venue 19,TEAM 3,4051.4849
2022-05-26 21:00:00,2022-05-26,2022-05-26 21:00:00,Venue 35,TEAM 3,-3345.8618
2022-05-26 21:00:00,2022-05-26,2022-05-26 21:00:00,Venue 26,TEAM 3,23547.477
2022-05-26 21:00:00,2022-05-26,2022-05-26 21:00:00,Venue 15,TEAM 3,-618.69525
2022-05-26 22:00:00,2022-05-26,2022-05-26 22:00:00,Venue 15,TEAM 3,9549.287
2022-05-26 22:00:00,2022-05-26,2022-05-26 22:00:00,Venue 35,TEAM 3,182.16583
2022-05-26 22:00:00,2022-05-26,2022-05-26 22:00:00,Venue 32,TEAM 3,4614.6104
2022-05-26 22:00:00,2022-05-26,2022-05-26 22:00:00,Venue 26,TEAM 3,10980.222
2022-05-26 22:00:00,2022-05-26,2022-05-26 22:00:00,Venue 19,TEAM 3,4466.9067
2022-05-26 23:00:00,2022-05-26,2022-05-26 23:00:00,Venue 32,TEAM 3,4551.1807
2022-05-26 23:00:00,2022-05-26,2022-05-26 23:00:00,Venue 15,TEAM 3,12542.377
2022-05-26 23:00:00,2022-05-26,2022-05-26 23:00:00,Venue 26,TEAM 3,8172.1675
2022-05-26 23:00:00,2022-05-26,2022-05-26 23:00:00,Venue 19,TEAM 3,5949.1343
2022-05-26 23:00:00,2022-05-26,2022-05-26 23:00:00,Venue 35,TEAM 3,2438.9136
2022-05-27 00:00:00,2022-05-27,2022-05-27 00:00:00,Venue 19,TEAM 3,7829.55
2022-05-27 00:00:00,2022-05-27,2022-05-27 00:00:00,Venue 32,TEAM 3,2021.9376
2022-05-27 00:00:00,2022-05-27,2022-05-27 00:00:00,Venue 15,TEAM 3,21212.145
2022-05-27 00:00:00,2022-05-27,2022-05-27 00:00:00,Venue 26,TEAM 3,16350.828
2022-05-27 00:00:00,2022-05-27,2022-05-27 00:00:00,Venue 35,TEAM 3,-595.63684
2022-05-27 01:00:00,2022-05-27,2022-05-27 01:00:00,Venue 26,TEAM 3,10667.417
2022-05-27 01:00:00,2022-05-27,2022-05-27 01:00:00,Venue 35,TEAM 3,-3540.0645
2022-05-27 01:00:00,2022-05-27,2022-05-27 01:00:00,Venue 15,TEAM 3,25504.318
2022-05-27 01:00:00,2022-05-27,2022-05-27 01:00:00,Venue 19,TEAM 3,7610.083
2022-05-27 02:00:00,2022-05-27,2022-05-27 02:00:00,Venue 19,TEAM 3,7571.376
2022-05-27 02:00:00,2022-05-27,2022-05-27 02:00:00,Venue 15,TEAM 3,40513.582
2022-05-27 02:00:00,2022-05-27,2022-05-27 02:00:00,Venue 26,TEAM 3,4604.15
2022-05-27 02:00:00,2022-05-27,2022-05-27 02:00:00,Venue 35,TEAM 3,-5443.7944
2022-05-27 03:00:00,2022-05-27,2022-05-27 03:00:00,Venue 35,TEAM 3,-6179.1694
2022-05-27 03:00:00,2022-05-27,2022-05-27 03:00:00,Venue 26,TEAM 3,4615.9966
2022-05-27 03:00:00,2022-05-27,2022-05-27 03:00:00,Venue 19,TEAM 3,6762.9697
2022-05-27 03:00:00,2022-05-27,2022-05-27 03:00:00,Venue 15,TEAM 3,16913.465
2022-05-27 04:00:00,2022-05-27,2022-05-27 04:00:00,Venue 35,TEAM 3,-8042.9785
2022-05-27 04:00:00,2022-05-27,2022-05-27 04:00:00,Venue 26,TEAM 3,2464.917
2022-05-27 04:00:00,2022-05-27,2022-05-27 04:00:00,Venue 15,TEAM 3,9815.897
2022-05-27 04:00:00,2022-05-27,2022-05-27 04:00:00,Venue 19,TEAM 3,5649.2124
2022-05-27 05:00:00,2022-05-27,2022-05-27 05:00:00,Venue 19,TEAM 3,4991.164
2022-05-27 06:00:00,2022-05-27,2022-05-27 06:00:00,Venue 19,TEAM 3,5440.709
2022-05-27 07:00:00,2022-05-27,2022-05-27 07:00:00,Venue 19,TEAM 3,3241.2295
2022-05-27 08:00:00,2022-05-27,2022-05-27 08:00:00,Venue 35,TEAM 3,-7925.602
2022-05-27 11:00:00,2022-05-27,2022-05-27 11:00:00,Venue 26,TEAM 3,1162.497
2022-05-27 12:00:00,2022-05-27,2022-05-27 12:00:00,Venue 26,TEAM 3,1939.3033
2022-05-27 12:00:00,2022-05-27,2022-05-27 12:00:00,Venue 32,TEAM 3,2314.2175
2022-05-27 13:00:00,2022-05-27,2022-05-27 13:00:00,Venue 32,TEAM 3,3518.316
2022-05-27 13:00:00,2022-05-27,2022-05-27 13:00:00,Venue 26,TEAM 3,3284.971
2022-05-27 14:00:00,2022-05-27,2022-05-27 14:00:00,Venue 26,TEAM 3,17572.361
2022-05-27 14:00:00,2022-05-27,2022-05-27 14:00:00,Venue 32,TEAM 3,7869.614
2022-05-27 15:00:00,2022-05-27,2022-05-27 15:00:00,Venue 32,TEAM 3,4261.7236
2022-05-27 15:00:00,2022-05-27,2022-05-27 15:00:00,Venue 26,TEAM 3,3887.49
2022-05-27 16:00:00,2022-05-27,2022-05-27 16:00:00,Venue 26,TEAM 3,8153.2876
2022-05-27 16:00:00,2022-05-27,2022-05-27 16:00:00,Venue 32,TEAM 3,4417.0454
2022-05-27 17:00:00,2022-05-27,2022-05-27 17:00:00,Venue 32,TEAM 3,6813.114
2022-05-27 17:00:00,2022-05-27,2022-05-27 17:00:00,Venue 26,TEAM 3,13953.9795
2022-05-27 18:00:00,2022-05-27,2022-05-27 18:00:00,Venue 35,TEAM 3,5002.0063
2022-05-27 18:00:00,2022-05-27,2022-05-27 18:00:00,Venue 26,TEAM 3,15105.676
2022-05-27 18:00:00,2022-05-27,2022-05-27 18:00:00,Venue 19,TEAM 3,1874.767
2022-05-27 18:00:00,2022-05-27,2022-05-27 18:00:00,Venue 32,TEAM 3,8277.234
2022-05-27 19:00:00,2022-05-27,2022-05-27 19:00:00,Venue 19,TEAM 3,2609.8345
2022-05-27 19:00:00,2022-05-27,2022-05-27 19:00:00,Venue 35,TEAM 3,6228.4224
2022-05-27 19:00:00,2022-05-27,2022-05-27 19:00:00,Venue 26,TEAM 3,26249.2
2022-05-27 19:00:00,2022-05-27,2022-05-27 19:00:00,Venue 32,TEAM 3,9029.089
2022-05-27 20:00:00,2022-05-27,2022-05-27 20:00:00,Venue 26,TEAM 3,29689.37
2022-05-27 20:00:00,2022-05-27,2022-05-27 20:00:00,Venue 19,TEAM 3,3672.199
2022-05-27 20:00:00,2022-05-27,2022-05-27 20:00:00,Venue 35,TEAM 3,8237.829
2022-05-27 20:00:00,2022-05-27,2022-05-27 20:00:00,Venue 32,TEAM 3,9629.74
2022-05-27 21:00:00,2022-05-27,2022-05-27 21:00:00,Venue 35,TEAM 3,17863.953
2022-05-27 21:00:00,2022-05-27,2022-05-27 21:00:00,Venue 26,TEAM 3,43028.17
2022-05-27 21:00:00,2022-05-27,2022-05-27 21:00:00,Venue 15,TEAM 3,16563.16
2022-05-27 21:00:00,2022-05-27,2022-05-27 21:00:00,Venue 32,TEAM 3,12325.562
2022-05-27 21:00:00,2022-05-27,2022-05-27 21:00:00,Venue 19,TEAM 3,7105.7656
2022-05-27 22:00:00,2022-05-27,2022-05-27 22:00:00,Venue 35,TEAM 3,30042.072
2022-05-27 22:00:00,2022-05-27,2022-05-27 22:00:00,Venue 19,TEAM 3,12775.249
2022-05-27 22:00:00,2022-05-27,2022-05-27 22:00:00,Venue 32,TEAM 3,13623.195
2022-05-27 22:00:00,2022-05-27,2022-05-27 22:00:00,Venue 15,TEAM 3,12677.39
2022-05-27 22:00:00,2022-05-27,2022-05-27 22:00:00,Venue 26,TEAM 3,45145.934
2022-05-27 23:00:00,2022-05-27,2022-05-27 23:00:00,Venue 15,TEAM 3,32440.957
2022-05-27 23:00:00,2022-05-27,2022-05-27 23:00:00,Venue 32,TEAM 3,16247.034
2022-05-27 23:00:00,2022-05-27,2022-05-27 23:00:00,Venue 35,TEAM 3,32895.46
2022-05-27 23:00:00,2022-05-27,2022-05-27 23:00:00,Venue 19,TEAM 3,9451.812
2022-05-27 23:00:00,2022-05-27,2022-05-27 23:00:00,Venue 26,TEAM 3,35610.727
2022-05-28 00:00:00,2022-05-28,2022-05-28 00:00:00,Venue 19,TEAM 3,13288.005
2022-05-28 00:00:00,2022-05-28,2022-05-28 00:00:00,Venue 35,TEAM 3,33139.492
2022-05-28 00:00:00,2022-05-28,2022-05-28 00:00:00,Venue 26,TEAM 3,57386.82
2022-05-28 00:00:00,2022-05-28,2022-05-28 00:00:00,Venue 15,TEAM 3,61084.453
2022-05-28 00:00:00,2022-05-28,2022-05-28 00:00:00,Venue 32,TEAM 3,4959.8394
2022-05-28 01:00:00,2022-05-28,2022-05-28 01:00:00,Venue 19,TEAM 3,13237.773
2022-05-28 01:00:00,2022-05-28,2022-05-28 01:00:00,Venue 32,TEAM 3,2785.537
2022-05-28 01:00:00,2022-05-28,2022-05-28 01:00:00,Venue 15,TEAM 3,58170.04
2022-05-28 01:00:00,2022-05-28,2022-05-28 01:00:00,Venue 26,TEAM 3,43918.766
2022-05-28 01:00:00,2022-05-28,2022-05-28 01:00:00,Venue 35,TEAM 3,28080.223
2022-05-28 02:00:00,2022-05-28,2022-05-28 02:00:00,Venue 19,TEAM 3,8902.447
2022-05-28 02:00:00,2022-05-28,2022-05-28 02:00:00,Venue 15,TEAM 3,59007.508
2022-05-28 02:00:00,2022-05-28,2022-05-28 02:00:00,Venue 32,TEAM 3,1927.1504
2022-05-28 02:00:00,2022-05-28,2022-05-28 02:00:00,Venue 26,TEAM 3,30728.082
2022-05-28 02:00:00,2022-05-28,2022-05-28 02:00:00,Venue 35,TEAM 3,19962.43
2022-05-28 03:00:00,2022-05-28,2022-05-28 03:00:00,Venue 15,TEAM 3,27105.877
2022-05-28 03:00:00,2022-05-28,2022-05-28 03:00:00,Venue 26,TEAM 3,13104.256
2022-05-28 03:00:00,2022-05-28,2022-05-28 03:00:00,Venue 35,TEAM 3,6664.458
2022-05-28 03:00:00,2022-05-28,2022-05-28 03:00:00,Venue 19,TEAM 3,7247.1265
2022-05-28 04:00:00,2022-05-28,2022-05-28 04:00:00,Venue 15,TEAM 3,12605.094
2022-05-28 04:00:00,2022-05-28,2022-05-28 04:00:00,Venue 19,TEAM 3,7874.957
2022-05-28 04:00:00,2022-05-28,2022-05-28 04:00:00,Venue 35,TEAM 3,1429.459
2022-05-28 04:00:00,2022-05-28,2022-05-28 04:00:00,Venue 26,TEAM 3,7072.943
2022-05-28 05:00:00,2022-05-28,2022-05-28 05:00:00,Venue 19,TEAM 3,7333.256
2022-05-28 06:00:00,2022-05-28,2022-05-28 06:00:00,Venue 19,TEAM 3,8083.8887
2022-05-28 07:00:00,2022-05-28,2022-05-28 07:00:00,Venue 19,TEAM 3,4879.7856
2022-05-28 11:00:00,2022-05-28,2022-05-28 11:00:00,Venue 26,TEAM 3,5348.514
2022-05-28 11:00:00,2022-05-28,2022-05-28 11:00:00,Venue 32,TEAM 3,1358.563
2022-05-28 12:00:00,2022-05-28,2022-05-28 12:00:00,Venue 26,TEAM 3,6462.652
2022-05-28 12:00:00,2022-05-28,2022-05-28 12:00:00,Venue 32,TEAM 3,2235.1936
2022-05-28 13:00:00,2022-05-28,2022-05-28 13:00:00,Venue 26,TEAM 3,8698.387
2022-05-28 13:00:00,2022-05-28,2022-05-28 13:00:00,Venue 32,TEAM 3,3017.1472
2022-05-28 14:00:00,2022-05-28,2022-05-28 14:00:00,Venue 32,TEAM 3,3318.8982
2022-05-28 14:00:00,2022-05-28,2022-05-28 14:00:00,Venue 26,TEAM 3,9221.497
2022-05-28 15:00:00,2022-05-28,2022-05-28 15:00:00,Venue 26,TEAM 3,9588.566
2022-05-28 15:00:00,2022-05-28,2022-05-28 15:00:00,Venue 32,TEAM 3,4048.216
2022-05-28 16:00:00,2022-05-28,2022-05-28 16:00:00,Venue 26,TEAM 3,13957.087
2022-05-28 16:00:00,2022-05-28,2022-05-28 16:00:00,Venue 19,TEAM 3,879.3752
2022-05-28 16:00:00,2022-05-28,2022-05-28 16:00:00,Venue 32,TEAM 3,4048.216
2022-05-28 17:00:00,2022-05-28,2022-05-28 17:00:00,Venue 19,TEAM 3,901.58685
2022-05-28 17:00:00,2022-05-28,2022-05-28 17:00:00,Venue 32,TEAM 3,4993.6216
2022-05-28 17:00:00,2022-05-28,2022-05-28 17:00:00,Venue 26,TEAM 3,18757.623
2022-05-28 17:00:00,2022-05-28,2022-05-28 17:00:00,Venue 35,TEAM 3,4726.014
2022-05-28 18:00:00,2022-05-28,2022-05-28 18:00:00,Venue 26,TEAM 3,19954.377
2022-05-28 18:00:00,2022-05-28,2022-05-28 18:00:00,Venue 19,TEAM 3,918.93036
2022-05-28 18:00:00,2022-05-28,2022-05-28 18:00:00,Venue 35,TEAM 3,4796.61
2022-05-28 18:00:00,2022-05-28,2022-05-28 18:00:00,Venue 32,TEAM 3,5408.3794
2022-05-28 19:00:00,2022-05-28,2022-05-28 19:00:00,Venue 26,TEAM 3,25139.95
2022-05-28 19:00:00,2022-05-28,2022-05-28 19:00:00,Venue 32,TEAM 3,5591.887
2022-05-28 19:00:00,2022-05-28,2022-05-28 19:00:00,Venue 35,TEAM 3,4560.177
2022-05-28 19:00:00,2022-05-28,2022-05-28 19:00:00,Venue 15,TEAM 3,13470.042
2022-05-28 19:00:00,2022-05-28,2022-05-28 19:00:00,Venue 19,TEAM 3,1077.7548
2022-05-28 20:00:00,2022-05-28,2022-05-28 20:00:00,Venue 26,TEAM 3,32861.453
2022-05-28 20:00:00,2022-05-28,2022-05-28 20:00:00,Venue 35,TEAM 3,5277.2646
2022-05-28 20:00:00,2022-05-28,2022-05-28 20:00:00,Venue 19,TEAM 3,2214.0708
2022-05-28 20:00:00,2022-05-28,2022-05-28 20:00:00,Venue 32,TEAM 3,6728.252
2022-05-28 21:00:00,2022-05-28,2022-05-28 21:00:00,Venue 26,TEAM 3,44495.035
2022-05-28 21:00:00,2022-05-28,2022-05-28 21:00:00,Venue 32,TEAM 3,7500.739
2022-05-28 21:00:00,2022-05-28,2022-05-28 21:00:00,Venue 19,TEAM 3,5880.9233
2022-05-28 21:00:00,2022-05-28,2022-05-28 21:00:00,Venue 15,TEAM 3,17972.805
2022-05-28 21:00:00,2022-05-28,2022-05-28 21:00:00,Venue 35,TEAM 3,17209.756
2022-05-28 22:00:00,2022-05-28,2022-05-28 22:00:00,Venue 35,TEAM 3,25600.258
2022-05-28 22:00:00,2022-05-28,2022-05-28 22:00:00,Venue 32,TEAM 3,7010.1597
2022-05-28 22:00:00,2022-05-28,2022-05-28 22:00:00,Venue 19,TEAM 3,8371.083
2022-05-28 22:00:00,2022-05-28,2022-05-28 22:00:00,Venue 15,TEAM 3,19937.576
2022-05-28 22:00:00,2022-05-28,2022-05-28 22:00:00,Venue 26,TEAM 3,32379.494
2022-05-28 23:00:00,2022-05-28,2022-05-28 23:00:00,Venue 35,TEAM 3,30648.23
2022-05-28 23:00:00,2022-05-28,2022-05-28 23:00:00,Venue 19,TEAM 3,8564.245
2022-05-28 23:00:00,2022-05-28,2022-05-28 23:00:00,Venue 32,TEAM 3,7609.3364
2022-05-28 23:00:00,2022-05-28,2022-05-28 23:00:00,Venue 15,TEAM 3,23430.51
2022-05-28 23:00:00,2022-05-28,2022-05-28 23:00:00,Venue 26,TEAM 3,29034.057
2022-05-29 00:00:00,2022-05-29,2022-05-29 00:00:00,Venue 32,TEAM 3,4145.0405
2022-05-29 00:00:00,2022-05-29,2022-05-29 00:00:00,Venue 35,TEAM 3,31459.646
2022-05-29 00:00:00,2022-05-29,2022-05-29 00:00:00,Venue 26,TEAM 3,47431.977
2022-05-29 00:00:00,2022-05-29,2022-05-29 00:00:00,Venue 19,TEAM 3,9704.38
2022-05-29 00:00:00,2022-05-29,2022-05-29 00:00:00,Venue 15,TEAM 3,41831.906
2022-05-29 01:00:00,2022-05-29,2022-05-29 01:00:00,Venue 15,TEAM 3,44873.938
2022-05-29 01:00:00,2022-05-29,2022-05-29 01:00:00,Venue 19,TEAM 3,9696.501
2022-05-29 01:00:00,2022-05-29,2022-05-29 01:00:00,Venue 35,TEAM 3,25658.098
2022-05-29 01:00:00,2022-05-29,2022-05-29 01:00:00,Venue 32,TEAM 3,2446.9385
2022-05-29 01:00:00,2022-05-29,2022-05-29 01:00:00,Venue 26,TEAM 3,39181.42
2022-05-29 02:00:00,2022-05-29,2022-05-29 02:00:00,Venue 19,TEAM 3,10113.609
2022-05-29 02:00:00,2022-05-29,2022-05-29 02:00:00,Venue 26,TEAM 3,30426.922
2022-05-29 02:00:00,2022-05-29,2022-05-29 02:00:00,Venue 15,TEAM 3,49603.008
2022-05-29 02:00:00,2022-05-29,2022-05-29 02:00:00,Venue 32,TEAM 3,3202.7937
2022-05-29 02:00:00,2022-05-29,2022-05-29 02:00:00,Venue 35,TEAM 3,20149.342
2022-05-29 03:00:00,2022-05-29,2022-05-29 03:00:00,Venue 15,TEAM 3,29365.232
2022-05-29 03:00:00,2022-05-29,2022-05-29 03:00:00,Venue 26,TEAM 3,21842.795
2022-05-29 03:00:00,2022-05-29,2022-05-29 03:00:00,Venue 19,TEAM 3,9196.258
2022-05-29 03:00:00,2022-05-29,2022-05-29 03:00:00,Venue 35,TEAM 3,7319.479
2022-05-29 04:00:00,2022-05-29,2022-05-29 04:00:00,Venue 19,TEAM 3,10949.67
2022-05-29 04:00:00,2022-05-29,2022-05-29 04:00:00,Venue 26,TEAM 3,18019.506
2022-05-29 04:00:00,2022-05-29,2022-05-29 04:00:00,Venue 15,TEAM 3,18398.26
2022-05-29 04:00:00,2022-05-29,2022-05-29 04:00:00,Venue 35,TEAM 3,3783.4583
2022-05-29 05:00:00,2022-05-29,2022-05-29 05:00:00,Venue 19,TEAM 3,10993.003
2022-05-29 05:00:00,2022-05-29,2022-05-29 05:00:00,Venue 26,TEAM 3,19185.25
2022-05-29 05:00:00,2022-05-29,2022-05-29 05:00:00,Venue 15,TEAM 3,16263.467
2022-05-29 06:00:00,2022-05-29,2022-05-29 06:00:00,Venue 19,TEAM 3,12692.855
2022-05-29 07:00:00,2022-05-29,2022-05-29 07:00:00,Venue 15,TEAM 3,-143.68208
2022-05-29 11:00:00,2022-05-29,2022-05-29 11:00:00,Venue 26,TEAM 3,530.65295
2022-05-29 12:00:00,2022-05-29,2022-05-29 12:00:00,Venue 26,TEAM 3,4098.644
2022-05-29 12:00:00,2022-05-29,2022-05-29 12:00:00,Venue 32,TEAM 3,756.55896
2022-05-29 13:00:00,2022-05-29,2022-05-29 13:00:00,Venue 26,TEAM 3,2540.1128
2022-05-29 13:00:00,2022-05-29,2022-05-29 13:00:00,Venue 32,TEAM 3,1212.1707
2022-05-29 14:00:00,2022-05-29,2022-05-29 14:00:00,Venue 26,TEAM 3,5444.2173
2022-05-29 14:00:00,2022-05-29,2022-05-29 14:00:00,Venue 32,TEAM 3,3691.9324
2022-05-29 15:00:00,2022-05-29,2022-05-29 15:00:00,Venue 32,TEAM 3,1544.6758
2022-05-29 15:00:00,2022-05-29,2022-05-29 15:00:00,Venue 26,TEAM 3,2774.7505
2022-05-29 16:00:00,2022-05-29,2022-05-29 16:00:00,Venue 26,TEAM 3,6966.5415
2022-05-29 16:00:00,2022-05-29,2022-05-29 16:00:00,Venue 32,TEAM 3,1922.8756
2022-05-29 17:00:00,2022-05-29,2022-05-29 17:00:00,Venue 26,TEAM 3,6226.034
2022-05-29 17:00:00,2022-05-29,2022-05-29 17:00:00,Venue 32,TEAM 3,3396.238
2022-05-29 18:00:00,2022-05-29,2022-05-29 18:00:00,Venue 35,TEAM 3,-564.7581
2022-05-29 18:00:00,2022-05-29,2022-05-29 18:00:00,Venue 26,TEAM 3,5148.0635
2022-05-29 18:00:00,2022-05-29,2022-05-29 18:00:00,Venue 32,TEAM 3,3878.801
2022-05-29 19:00:00,2022-05-29,2022-05-29 19:00:00,Venue 35,TEAM 3,67.11528
2022-05-29 19:00:00,2022-05-29,2022-05-29 19:00:00,Venue 32,TEAM 3,4510.674
2022-05-29 19:00:00,2022-05-29,2022-05-29 19:00:00,Venue 26,TEAM 3,10448.123
2022-05-29 20:00:00,2022-05-29,2022-05-29 20:00:00,Venue 32,TEAM 3,4751.6274
2022-05-29 20:00:00,2022-05-29,2022-05-29 20:00:00,Venue 26,TEAM 3,13239.588
2022-05-29 20:00:00,2022-05-29,2022-05-29 20:00:00,Venue 35,TEAM 3,11.041277
2022-05-29 21:00:00,2022-05-29,2022-05-29 21:00:00,Venue 32,TEAM 3,4512.2856
2022-05-29 21:00:00,2022-05-29,2022-05-29 21:00:00,Venue 26,TEAM 3,14532.568
2022-05-29 22:00:00,2022-05-29,2022-05-29 22:00:00,Venue 35,TEAM 3,5464.686
2022-05-29 22:00:00,2022-05-29,2022-05-29 22:00:00,Venue 19,TEAM 3,1554.4963
2022-05-29 22:00:00,2022-05-29,2022-05-29 22:00:00,Venue 26,TEAM 3,6759.0063
2022-05-29 22:00:00,2022-05-29,2022-05-29 22:00:00,Venue 32,TEAM 3,4427.405
2022-05-29 23:00:00,2022-05-29,2022-05-29 23:00:00,Venue 35,TEAM 3,4682.8726
2022-05-29 23:00:00,2022-05-29,2022-05-29 23:00:00,Venue 19,TEAM 3,2628.8264
2022-05-29 23:00:00,2022-05-29,2022-05-29 23:00:00,Venue 26,TEAM 3,-140.57904
2022-05-30 00:00:00,2022-05-30,2022-05-30 00:00:00,Venue 35,TEAM 3,4311.5024
2022-05-30 00:00:00,2022-05-30,2022-05-30 00:00:00,Venue 26,TEAM 3,16340.071
2022-05-30 00:00:00,2022-05-30,2022-05-30 00:00:00,Venue 19,TEAM 3,5672.4365
2022-05-30 01:00:00,2022-05-30,2022-05-30 01:00:00,Venue 19,TEAM 3,5566.5083
2022-05-30 01:00:00,2022-05-30,2022-05-30 01:00:00,Venue 26,TEAM 3,9942.056
2022-05-30 02:00:00,2022-05-30,2022-05-30 02:00:00,Venue 26,TEAM 3,8892.935
2022-05-30 02:00:00,2022-05-30,2022-05-30 02:00:00,Venue 19,TEAM 3,5774.3354
2022-05-30 03:00:00,2022-05-30,2022-05-30 03:00:00,Venue 19,TEAM 3,4821.4536
2022-05-30 04:00:00,2022-05-30,2022-05-30 04:00:00,Venue 19,TEAM 3,4275.334
2022-05-30 05:00:00,2022-05-30,2022-05-30 05:00:00,Venue 19,TEAM 3,4303.048
2022-05-30 10:00:00,2022-05-30,2022-05-30 10:00:00,Venue 35,TEAM 3,-795.75464
2022-05-30 10:00:00,2022-05-30,2022-05-30 10:00:00,Venue 15,TEAM 3,-4354.943
2022-05-30 10:00:00,2022-05-30,2022-05-30 10:00:00,Venue 26,TEAM 3,-277.7642
2022-05-30 11:00:00,2022-05-30,2022-05-30 11:00:00,Venue 32,TEAM 3,1058.6512
2022-05-30 11:00:00,2022-05-30,2022-05-30 11:00:00,Venue 35,TEAM 3,569.14044
2022-05-30 11:00:00,2022-05-30,2022-05-30 11:00:00,Venue 26,TEAM 3,408.16434
2022-05-30 12:00:00,2022-05-30,2022-05-30 12:00:00,Venue 35,TEAM 3,987.27985
2022-05-30 12:00:00,2022-05-30,2022-05-30 12:00:00,Venue 32,TEAM 3,1123.0876
2022-05-30 12:00:00,2022-05-30,2022-05-30 12:00:00,Venue 26,TEAM 3,472.60086
2022-05-30 13:00:00,2022-05-30,2022-05-30 13:00:00,Venue 26,TEAM 3,1730.3168
2022-05-30 13:00:00,2022-05-30,2022-05-30 13:00:00,Venue 32,TEAM 3,2239.2334
2022-05-30 13:00:00,2022-05-30,2022-05-30 13:00:00,Venue 15,TEAM 3,-2292.0034
2022-05-30 14:00:00,2022-05-30,2022-05-30 14:00:00,Venue 26,TEAM 3,2101.083
2022-05-30 14:00:00,2022-05-30,2022-05-30 14:00:00,Venue 32,TEAM 3,3610.243
2022-05-30 15:00:00,2022-05-30,2022-05-30 15:00:00,Venue 32,TEAM 3,3610.243
2022-05-30 15:00:00,2022-05-30,2022-05-30 15:00:00,Venue 26,TEAM 3,2101.083
2022-05-30 16:00:00,2022-05-30,2022-05-30 16:00:00,Venue 26,TEAM 3,3979.4285
2022-05-30 16:00:00,2022-05-30,2022-05-30 16:00:00,Venue 32,TEAM 3,3610.243
2022-05-30 16:00:00,2022-05-30,2022-05-30 16:00:00,Venue 15,TEAM 3,-4368.2915
2022-05-30 17:00:00,2022-05-30,2022-05-30 17:00:00,Venue 26,TEAM 3,5637.815
2022-05-30 17:00:00,2022-05-30,2022-05-30 17:00:00,Venue 15,TEAM 3,-7871.3677
2022-05-30 17:00:00,2022-05-30,2022-05-30 17:00:00,Venue 32,TEAM 3,4087.9656
2022-05-30 18:00:00,2022-05-30,2022-05-30 18:00:00,Venue 32,TEAM 3,4159.018
2022-05-30 18:00:00,2022-05-30,2022-05-30 18:00:00,Venue 19,TEAM 3,684.2833
2022-05-30 18:00:00,2022-05-30,2022-05-30 18:00:00,Venue 26,TEAM 3,3327.9167
2022-05-30 18:00:00,2022-05-30,2022-05-30 18:00:00,Venue 15,TEAM 3,-7826.365
2022-05-30 18:00:00,2022-05-30,2022-05-30 18:00:00,Venue 35,TEAM 3,-204.57126
2022-05-30 19:00:00,2022-05-30,2022-05-30 19:00:00,Venue 35,TEAM 3,888.7203
2022-05-30 19:00:00,2022-05-30,2022-05-30 19:00:00,Venue 26,TEAM 3,9405.8955
2022-05-30 19:00:00,2022-05-30,2022-05-30 19:00:00,Venue 32,TEAM 3,5398.0796
2022-05-30 20:00:00,2022-05-30,2022-05-30 20:00:00,Venue 26,TEAM 3,11990.389
2022-05-30 20:00:00,2022-05-30,2022-05-30 20:00:00,Venue 32,TEAM 3,5952.6543
2022-05-30 20:00:00,2022-05-30,2022-05-30 20:00:00,Venue 35,TEAM 3,704.79224
2022-05-30 21:00:00,2022-05-30,2022-05-30 21:00:00,Venue 32,TEAM 3,5708.3057
2022-05-30 21:00:00,2022-05-30,2022-05-30 21:00:00,Venue 35,TEAM 3,1968.1361
2022-05-30 21:00:00,2022-05-30,2022-05-30 21:00:00,Venue 19,TEAM 3,2109.8386
2022-05-30 21:00:00,2022-05-30,2022-05-30 21:00:00,Venue 26,TEAM 3,14959.832
2022-05-30 22:00:00,2022-05-30,2022-05-30 22:00:00,Venue 32,TEAM 3,6008.643
2022-05-30 22:00:00,2022-05-30,2022-05-30 22:00:00,Venue 26,TEAM 3,5716.5806
2022-05-30 22:00:00,2022-05-30,2022-05-30 22:00:00,Venue 35,TEAM 3,4336.1865
2022-05-30 22:00:00,2022-05-30,2022-05-30 22:00:00,Venue 19,TEAM 3,2741.279
2022-05-30 23:00:00,2022-05-30,2022-05-30 23:00:00,Venue 32,TEAM 3,5366.777
2022-05-30 23:00:00,2022-05-30,2022-05-30 23:00:00,Venue 26,TEAM 3,964.31506
2022-05-30 23:00:00,2022-05-30,2022-05-30 23:00:00,Venue 35,TEAM 3,4495.4595
2022-05-30 23:00:00,2022-05-30,2022-05-30 23:00:00,Venue 19,TEAM 3,3532.8953
2022-05-31 00:00:00,2022-05-31,2022-05-31 00:00:00,Venue 35,TEAM 3,3903.6865
2022-05-31 00:00:00,2022-05-31,2022-05-31 00:00:00,Venue 32,TEAM 3,3609.7954
2022-05-31 00:00:00,2022-05-31,2022-05-31 00:00:00,Venue 26,TEAM 3,12449.386
2022-05-31 00:00:00,2022-05-31,2022-05-31 00:00:00,Venue 19,TEAM 3,6153.995
2022-05-31 01:00:00,2022-05-31,2022-05-31 01:00:00,Venue 26,TEAM 3,9199.1045
2022-05-31 01:00:00,2022-05-31,2022-05-31 01:00:00,Venue 32,TEAM 3,1788.8418
2022-05-31 01:00:00,2022-05-31,2022-05-31 01:00:00,Venue 35,TEAM 3,2175.9436
2022-05-31 01:00:00,2022-05-31,2022-05-31 01:00:00,Venue 19,TEAM 3,6230.062
2022-05-31 02:00:00,2022-05-31,2022-05-31 02:00:00,Venue 19,TEAM 3,6204.3364
2022-05-31 02:00:00,2022-05-31,2022-05-31 02:00:00,Venue 35,TEAM 3,-755.1336
2022-05-31 03:00:00,2022-05-31,2022-05-31 03:00:00,Venue 19,TEAM 3,6012.7295
2022-05-31 04:00:00,2022-05-31,2022-05-31 04:00:00,Venue 19,TEAM 3,5004.609
2022-05-31 05:00:00,2022-05-31,2022-05-31 05:00:00,Venue 19,TEAM 3,4896.9785
2022-05-31 09:00:00,2022-05-31,2022-05-31 09:00:00,Venue 26,TEAM 3,-195.40358
2022-05-31 11:00:00,2022-05-31,2022-05-31 11:00:00,Venue 15,TEAM 3,-6687.81
2022-05-31 11:00:00,2022-05-31,2022-05-31 11:00:00,Venue 32,TEAM 3,579.082
2022-05-31 11:00:00,2022-05-31,2022-05-31 11:00:00,Venue 26,TEAM 3,-721.4921
2022-05-31 11:00:00,2022-05-31,2022-05-31 11:00:00,Venue 35,TEAM 3,252.45316
2022-05-31 12:00:00,2022-05-31,2022-05-31 12:00:00,Venue 32,TEAM 3,1091.6866
2022-05-31 12:00:00,2022-05-31,2022-05-31 12:00:00,Venue 26,TEAM 3,-83.47928
2022-05-31 13:00:00,2022-05-31,2022-05-31 13:00:00,Venue 32,TEAM 3,2191.389
2022-05-31 13:00:00,2022-05-31,2022-05-31 13:00:00,Venue 26,TEAM 3,1157.7928
2022-05-31 14:00:00,2022-05-31,2022-05-31 14:00:00,Venue 32,TEAM 3,2449.8647
2022-05-31 14:00:00,2022-05-31,2022-05-31 14:00:00,Venue 15,TEAM 3,-7890.614
2022-05-31 14:00:00,2022-05-31,2022-05-31 14:00:00,Venue 35,TEAM 3,2301.5117
2022-05-31 14:00:00,2022-05-31,2022-05-31 14:00:00,Venue 26,TEAM 3,1637.6279
2022-05-31 15:00:00,2022-05-31,2022-05-31 15:00:00,Venue 32,TEAM 3,2934.7969
2022-05-31 15:00:00,2022-05-31,2022-05-31 15:00:00,Venue 26,TEAM 3,1760.3123
2022-05-31 16:00:00,2022-05-31,2022-05-31 16:00:00,Venue 26,TEAM 3,3638.6582
2022-05-31 16:00:00,2022-05-31,2022-05-31 16:00:00,Venue 32,TEAM 3,2934.7969
2022-05-31 17:00:00,2022-05-31,2022-05-31 17:00:00,Venue 35,TEAM 3,1473.7354
2022-05-31 17:00:00,2022-05-31,2022-05-31 17:00:00,Venue 26,TEAM 3,7728.5034
2022-05-31 17:00:00,2022-05-31,2022-05-31 17:00:00,Venue 32,TEAM 3,3880.2024
2022-05-31 18:00:00,2022-05-31,2022-05-31 18:00:00,Venue 32,TEAM 3,4294.959
2022-05-31 18:00:00,2022-05-31,2022-05-31 18:00:00,Venue 35,TEAM 3,1544.3302
2022-05-31 18:00:00,2022-05-31,2022-05-31 18:00:00,Venue 26,TEAM 3,8925.257
2022-05-31 19:00:00,2022-05-31,2022-05-31 19:00:00,Venue 19,TEAM 3,1100.7999
2022-05-31 19:00:00,2022-05-31,2022-05-31 19:00:00,Venue 26,TEAM 3,13788.7
2022-05-31 19:00:00,2022-05-31,2022-05-31 19:00:00,Venue 35,TEAM 3,633.2116
2022-05-31 19:00:00,2022-05-31,2022-05-31 19:00:00,Venue 32,TEAM 3,4235.624
2022-05-31 19:00:00,2022-05-31,2022-05-31 19:00:00,Venue 15,TEAM 3,1582.6536
2022-05-31 20:00:00,2022-05-31,2022-05-31 20:00:00,Venue 15,TEAM 3,4812.4033
2022-05-31 20:00:00,2022-05-31,2022-05-31 20:00:00,Venue 35,TEAM 3,1554.4227
2022-05-31 20:00:00,2022-05-31,2022-05-31 20:00:00,Venue 26,TEAM 3,17276.559
2022-05-31 20:00:00,2022-05-31,2022-05-31 20:00:00,Venue 32,TEAM 3,5156.3867
2022-05-31 20:00:00,2022-05-31,2022-05-31 20:00:00,Venue 19,TEAM 3,2021.514
2022-05-31 21:00:00,2022-05-31,2022-05-31 21:00:00,Venue 32,TEAM 3,4783.446
2022-05-31 21:00:00,2022-05-31,2022-05-31 21:00:00,Venue 19,TEAM 3,3635.8552
2022-05-31 21:00:00,2022-05-31,2022-05-31 21:00:00,Venue 35,TEAM 3,2551.0005
2022-05-31 21:00:00,2022-05-31,2022-05-31 21:00:00,Venue 26,TEAM 3,24814.096
2022-05-31 22:00:00,2022-05-31,2022-05-31 22:00:00,Venue 26,TEAM 3,14472.927
2022-05-31 22:00:00,2022-05-31,2022-05-31 22:00:00,Venue 35,TEAM 3,4458.3413
2022-05-31 22:00:00,2022-05-31,2022-05-31 22:00:00,Venue 32,TEAM 3,4031.2947
2022-05-31 22:00:00,2022-05-31,2022-05-31 22:00:00,Venue 19,TEAM 3,3806.584
2022-05-31 23:00:00,2022-05-31,2022-05-31 23:00:00,Venue 32,TEAM 3,4000.1218
2022-05-31 23:00:00,2022-05-31,2022-05-31 23:00:00,Venue 19,TEAM 3,5349.2715
2022-05-31 23:00:00,2022-05-31,2022-05-31 23:00:00,Venue 26,TEAM 3,13670.563
2022-05-31 23:00:00,2022-05-31,2022-05-31 23:00:00,Venue 35,TEAM 3,8720.778
2022-06-01 00:00:00,2022-06-01,2022-06-01 00:00:00,Venue 26,TEAM 3,19564.963
2022-06-01 00:00:00,2022-06-01,2022-06-01 00:00:00,Venue 35,TEAM 3,7196.5576
2022-06-01 00:00:00,2022-06-01,2022-06-01 00:00:00,Venue 19,TEAM 3,7825.345
2022-06-01 00:00:00,2022-06-01,2022-06-01 00:00:00,Venue 32,TEAM 3,1866.95
2022-06-01 01:00:00,2022-06-01,2022-06-01 01:00:00,Venue 19,TEAM 3,7897.4595
2022-06-01 01:00:00,2022-06-01,2022-06-01 01:00:00,Venue 26,TEAM 3,12096.002
2022-06-01 02:00:00,2022-06-01,2022-06-01 02:00:00,Venue 26,TEAM 3,7627.9253
2022-06-01 02:00:00,2022-06-01,2022-06-01 02:00:00,Venue 19,TEAM 3,8846.606
2022-06-01 03:00:00,2022-06-01,2022-06-01 03:00:00,Venue 19,TEAM 3,7731.615
2022-06-01 04:00:00,2022-06-01,2022-06-01 04:00:00,Venue 19,TEAM 3,6695.2676
2022-06-01 05:00:00,2022-06-01,2022-06-01 05:00:00,Venue 19,TEAM 3,6615.6494
2022-06-01 11:00:00,2022-06-01,2022-06-01 11:00:00,Venue 32,TEAM 3,397.93472
2022-06-01 11:00:00,2022-06-01,2022-06-01 11:00:00,Venue 26,TEAM 3,-141.45483
2022-06-01 12:00:00,2022-06-01,2022-06-01 12:00:00,Venue 32,TEAM 3,866.47095
2022-06-01 12:00:00,2022-06-01,2022-06-01 12:00:00,Venue 26,TEAM 3,450.93118
2022-06-01 13:00:00,2022-06-01,2022-06-01 13:00:00,Venue 26,TEAM 3,1708.6471
2022-06-01 13:00:00,2022-06-01,2022-06-01 13:00:00,Venue 15,TEAM 3,-1407.0265
2022-06-01 13:00:00,2022-06-01,2022-06-01 13:00:00,Venue 32,TEAM 3,1982.6171
2022-06-01 13:00:00,2022-06-01,2022-06-01 13:00:00,Venue 35,TEAM 3,4281.387
2022-06-01 14:00:00,2022-06-01,2022-06-01 14:00:00,Venue 32,TEAM 3,3731.2515
2022-06-01 14:00:00,2022-06-01,2022-06-01 14:00:00,Venue 26,TEAM 3,9320.151
2022-06-01 15:00:00,2022-06-01,2022-06-01 15:00:00,Venue 32,TEAM 3,3731.2515
2022-06-01 15:00:00,2022-06-01,2022-06-01 15:00:00,Venue 26,TEAM 3,9919.921
2022-06-01 16:00:00,2022-06-01,2022-06-01 16:00:00,Venue 32,TEAM 3,3197.535
2022-06-01 16:00:00,2022-06-01,2022-06-01 16:00:00,Venue 35,TEAM 3,1721.009
2022-06-01 16:00:00,2022-06-01,2022-06-01 16:00:00,Venue 26,TEAM 3,10850.081
2022-06-01 17:00:00,2022-06-01,2022-06-01 17:00:00,Venue 35,TEAM 3,810.8514
2022-06-01 17:00:00,2022-06-01,2022-06-01 17:00:00,Venue 26,TEAM 3,17201.32
2022-06-01 17:00:00,2022-06-01,2022-06-01 17:00:00,Venue 32,TEAM 3,4340.533
2022-06-01 18:00:00,2022-06-01,2022-06-01 18:00:00,Venue 35,TEAM 3,1140.353
2022-06-01 18:00:00,2022-06-01,2022-06-01 18:00:00,Venue 32,TEAM 3,3668.5376
2022-06-01 18:00:00,2022-06-01,2022-06-01 18:00:00,Venue 26,TEAM 3,10647.243
2022-06-01 19:00:00,2022-06-01,2022-06-01 19:00:00,Venue 19,TEAM 3,1093.7992
2022-06-01 19:00:00,2022-06-01,2022-06-01 19:00:00,Venue 35,TEAM 3,1755.782
2022-06-01 19:00:00,2022-06-01,2022-06-01 19:00:00,Venue 26,TEAM 3,16599.924
2022-06-01 19:00:00,2022-06-01,2022-06-01 19:00:00,Venue 32,TEAM 3,4283.9673
2022-06-01 20:00:00,2022-06-01,2022-06-01 20:00:00,Venue 26,TEAM 3,19689.738
2022-06-01 20:00:00,2022-06-01,2022-06-01 20:00:00,Venue 35,TEAM 3,2278.9553
2022-06-01 20:00:00,2022-06-01,2022-06-01 20:00:00,Venue 19,TEAM 3,1935.7017
2022-06-01 20:00:00,2022-06-01,2022-06-01 20:00:00,Venue 32,TEAM 3,5125.92
2022-06-01 21:00:00,2022-06-01,2022-06-01 21:00:00,Venue 35,TEAM 3,3351.0256
2022-06-01 21:00:00,2022-06-01,2022-06-01 21:00:00,Venue 32,TEAM 3,4881.5703
2022-06-01 21:00:00,2022-06-01,2022-06-01 21:00:00,Venue 26,TEAM 3,25275.67
2022-06-01 21:00:00,2022-06-01,2022-06-01 21:00:00,Venue 19,TEAM 3,3119.4536
2022-06-01 21:00:00,2022-06-01,2022-06-01 21:00:00,Venue 15,TEAM 3,9229.285
2022-06-01 22:00:00,2022-06-01,2022-06-01 22:00:00,Venue 26,TEAM 3,18679.508
2022-06-01 22:00:00,2022-06-01,2022-06-01 22:00:00,Venue 32,TEAM 3,4207.53
2022-06-01 22:00:00,2022-06-01,2022-06-01 22:00:00,Venue 35,TEAM 3,5652.044
2022-06-01 22:00:00,2022-06-01,2022-06-01 22:00:00,Venue 15,TEAM 3,12378.465
2022-06-01 22:00:00,2022-06-01,2022-06-01 22:00:00,Venue 19,TEAM 3,3247.6477
2022-06-01 23:00:00,2022-06-01,2022-06-01 23:00:00,Venue 15,TEAM 3,18615.186
2022-06-01 23:00:00,2022-06-01,2022-06-01 23:00:00,Venue 35,TEAM 3,7734.2046
2022-06-01 23:00:00,2022-06-01,2022-06-01 23:00:00,Venue 26,TEAM 3,11992.977
2022-06-01 23:00:00,2022-06-01,2022-06-01 23:00:00,Venue 32,TEAM 3,4332.4683
2022-06-01 23:00:00,2022-06-01,2022-06-01 23:00:00,Venue 19,TEAM 3,4861.8667
2022-06-02 00:00:00,2022-06-02,2022-06-02 00:00:00,Venue 26,TEAM 3,19195.52
2022-06-02 00:00:00,2022-06-02,2022-06-02 00:00:00,Venue 19,TEAM 3,8443.821
2022-06-02 00:00:00,2022-06-02,2022-06-02 00:00:00,Venue 32,TEAM 3,2042.0833
2022-06-02 00:00:00,2022-06-02,2022-06-02 00:00:00,Venue 15,TEAM 3,24332.975
2022-06-02 00:00:00,2022-06-02,2022-06-02 00:00:00,Venue 35,TEAM 3,7267.6943
2022-06-02 01:00:00,2022-06-02,2022-06-02 01:00:00,Venue 15,TEAM 3,27564.438
2022-06-02 01:00:00,2022-06-02,2022-06-02 01:00:00,Venue 19,TEAM 3,8459.01
2022-06-02 01:00:00,2022-06-02,2022-06-02 01:00:00,Venue 26,TEAM 3,12558.654
2022-06-02 01:00:00,2022-06-02,2022-06-02 01:00:00,Venue 35,TEAM 3,4219.7974
2022-06-02 01:00:00,2022-06-02,2022-06-02 01:00:00,Venue 32,TEAM 3,387.63205
2022-06-02 02:00:00,2022-06-02,2022-06-02 02:00:00,Venue 26,TEAM 3,11625.982
2022-06-02 02:00:00,2022-06-02,2022-06-02 02:00:00,Venue 15,TEAM 3,30994.172
2022-06-02 02:00:00,2022-06-02,2022-06-02 02:00:00,Venue 19,TEAM 3,8526.483
2022-06-02 02:00:00,2022-06-02,2022-06-02 02:00:00,Venue 35,TEAM 3,3219.1025
2022-06-02 03:00:00,2022-06-02,2022-06-02 03:00:00,Venue 15,TEAM 3,6198.6553
2022-06-02 03:00:00,2022-06-02,2022-06-02 03:00:00,Venue 19,TEAM 3,8462.547
2022-06-02 03:00:00,2022-06-02,2022-06-02 03:00:00,Venue 26,TEAM 3,7705.174
2022-06-02 04:00:00,2022-06-02,2022-06-02 04:00:00,Venue 15,TEAM 3,5448.4736
2022-06-02 04:00:00,2022-06-02,2022-06-02 04:00:00,Venue 19,TEAM 3,7426.2
2022-06-02 05:00:00,2022-06-02,2022-06-02 05:00:00,Venue 19,TEAM 3,7138.6655
2022-06-02 05:00:00,2022-06-02,2022-06-02 05:00:00,Venue 15,TEAM 3,5504.2007
2022-06-02 08:00:00,2022-06-02,2022-06-02 08:00:00,Venue 26,TEAM 3,6573.0723
2022-06-02 11:00:00,2022-06-02,2022-06-02 11:00:00,Venue 26,TEAM 3,1510.4183
2022-06-02 12:00:00,2022-06-02,2022-06-02 12:00:00,Venue 32,TEAM 3,1046.6202
2022-06-02 12:00:00,2022-06-02,2022-06-02 12:00:00,Venue 26,TEAM 3,2148.431
2022-06-02 13:00:00,2022-06-02,2022-06-02 13:00:00,Venue 32,TEAM 3,2146.3223
2022-06-02 13:00:00,2022-06-02,2022-06-02 13:00:00,Venue 26,TEAM 3,3389.704
2022-06-02 14:00:00,2022-06-02,2022-06-02 14:00:00,Venue 32,TEAM 3,2453.411
2022-06-02 14:00:00,2022-06-02,2022-06-02 14:00:00,Venue 26,TEAM 3,3918.1514
2022-06-02 15:00:00,2022-06-02,2022-06-02 15:00:00,Venue 32,TEAM 3,2938.343
2022-06-02 15:00:00,2022-06-02,2022-06-02 15:00:00,Venue 26,TEAM 3,4040.8364
2022-06-02 16:00:00,2022-06-02,2022-06-02 16:00:00,Venue 26,TEAM 3,5919.182
2022-06-02 16:00:00,2022-06-02,2022-06-02 16:00:00,Venue 32,TEAM 3,2938.343
2022-06-02 17:00:00,2022-06-02,2022-06-02 17:00:00,Venue 19,TEAM 3,616.3208
2022-06-02 17:00:00,2022-06-02,2022-06-02 17:00:00,Venue 32,TEAM 3,3883.7485
2022-06-02 17:00:00,2022-06-02,2022-06-02 17:00:00,Venue 26,TEAM 3,11691.493
2022-06-02 18:00:00,2022-06-02,2022-06-02 18:00:00,Venue 35,TEAM 3,4528.2866
2022-06-02 18:00:00,2022-06-02,2022-06-02 18:00:00,Venue 19,TEAM 3,728.61755
2022-06-02 18:00:00,2022-06-02,2022-06-02 18:00:00,Venue 26,TEAM 3,12949.696
2022-06-02 18:00:00,2022-06-02,2022-06-02 18:00:00,Venue 32,TEAM 3,4359.9556
2022-06-02 19:00:00,2022-06-02,2022-06-02 19:00:00,Venue 26,TEAM 3,17963.814
2022-06-02 19:00:00,2022-06-02,2022-06-02 19:00:00,Venue 32,TEAM 3,4449.741
2022-06-02 19:00:00,2022-06-02,2022-06-02 19:00:00,Venue 35,TEAM 3,1501.2178
2022-06-02 20:00:00,2022-06-02,2022-06-02 20:00:00,Venue 19,TEAM 3,1746.897
2022-06-02 20:00:00,2022-06-02,2022-06-02 20:00:00,Venue 35,TEAM 3,3027.7097
2022-06-02 20:00:00,2022-06-02,2022-06-02 20:00:00,Venue 32,TEAM 3,5321.8916
2022-06-02 20:00:00,2022-06-02,2022-06-02 20:00:00,Venue 26,TEAM 3,22056.953
2022-06-02 21:00:00,2022-06-02,2022-06-02 21:00:00,Venue 26,TEAM 3,27642.883
2022-06-02 21:00:00,2022-06-02,2022-06-02 21:00:00,Venue 15,TEAM 3,10558.679
2022-06-02 21:00:00,2022-06-02,2022-06-02 21:00:00,Venue 32,TEAM 3,5368.009
2022-06-02 21:00:00,2022-06-02,2022-06-02 21:00:00,Venue 19,TEAM 3,3889.482
2022-06-02 21:00:00,2022-06-02,2022-06-02 21:00:00,Venue 35,TEAM 3,4390.2485
2022-06-02 22:00:00,2022-06-02,2022-06-02 22:00:00,Venue 35,TEAM 3,8366.837
2022-06-02 22:00:00,2022-06-02,2022-06-02 22:00:00,Venue 19,TEAM 3,4574.7285
2022-06-02 22:00:00,2022-06-02,2022-06-02 22:00:00,Venue 15,TEAM 3,16766.117
2022-06-02 22:00:00,2022-06-02,2022-06-02 22:00:00,Venue 32,TEAM 3,4806.43
2022-06-02 22:00:00,2022-06-02,2022-06-02 22:00:00,Venue 26,TEAM 3,24499.799
2022-06-02 23:00:00,2022-06-02,2022-06-02 23:00:00,Venue 26,TEAM 3,17596.557
2022-06-02 23:00:00,2022-06-02,2022-06-02 23:00:00,Venue 35,TEAM 3,10344.457
2022-06-02 23:00:00,2022-06-02,2022-06-02 23:00:00,Venue 32,TEAM 3,4463.8784
2022-06-02 23:00:00,2022-06-02,2022-06-02 23:00:00,Venue 15,TEAM 3,24584.74
2022-06-02 23:00:00,2022-06-02,2022-06-02 23:00:00,Venue 19,TEAM 3,5833.6313
2022-06-03 00:00:00,2022-06-03,2022-06-03 00:00:00,Venue 15,TEAM 3,34606.742
2022-06-03 00:00:00,2022-06-03,2022-06-03 00:00:00,Venue 32,TEAM 3,2261.405
2022-06-03 00:00:00,2022-06-03,2022-06-03 00:00:00,Venue 35,TEAM 3,7636.68
2022-06-03 00:00:00,2022-06-03,2022-06-03 00:00:00,Venue 19,TEAM 3,7994.6074
2022-06-03 00:00:00,2022-06-03,2022-06-03 00:00:00,Venue 26,TEAM 3,22748.174
2022-06-03 01:00:00,2022-06-03,2022-06-03 01:00:00,Venue 15,TEAM 3,45564.4
2022-06-03 01:00:00,2022-06-03,2022-06-03 01:00:00,Venue 19,TEAM 3,8058.3916
2022-06-03 01:00:00,2022-06-03,2022-06-03 01:00:00,Venue 26,TEAM 3,17052.852
2022-06-03 01:00:00,2022-06-03,2022-06-03 01:00:00,Venue 35,TEAM 3,4695.671
2022-06-03 01:00:00,2022-06-03,2022-06-03 01:00:00,Venue 32,TEAM 3,652.2209
2022-06-03 02:00:00,2022-06-03,2022-06-03 02:00:00,Venue 19,TEAM 3,8512.534
2022-06-03 02:00:00,2022-06-03,2022-06-03 02:00:00,Venue 26,TEAM 3,16134.872
2022-06-03 02:00:00,2022-06-03,2022-06-03 02:00:00,Venue 35,TEAM 3,3597.0205
2022-06-03 02:00:00,2022-06-03,2022-06-03 02:00:00,Venue 15,TEAM 3,43368.598
2022-06-03 02:00:00,2022-06-03,2022-06-03 02:00:00,Venue 32,TEAM 3,1056.3553
2022-06-03 03:00:00,2022-06-03,2022-06-03 03:00:00,Venue 26,TEAM 3,9680.958
2022-06-03 03:00:00,2022-06-03,2022-06-03 03:00:00,Venue 19,TEAM 3,7191.333
2022-06-03 03:00:00,2022-06-03,2022-06-03 03:00:00,Venue 15,TEAM 3,15554.05
2022-06-03 04:00:00,2022-06-03,2022-06-03 04:00:00,Venue 15,TEAM 3,7012.565
2022-06-03 04:00:00,2022-06-03,2022-06-03 04:00:00,Venue 19,TEAM 3,6998.1265
2022-06-03 04:00:00,2022-06-03,2022-06-03 04:00:00,Venue 26,TEAM 3,7451.218
2022-06-03 05:00:00,2022-06-03,2022-06-03 05:00:00,Venue 15,TEAM 3,7068.292
2022-06-03 05:00:00,2022-06-03,2022-06-03 05:00:00,Venue 19,TEAM 3,6918.5083
2022-06-03 11:00:00,2022-06-03,2022-06-03 11:00:00,Venue 32,TEAM 3,1261.3223
2022-06-03 11:00:00,2022-06-03,2022-06-03 11:00:00,Venue 26,TEAM 3,3030.255
